"","node","mean","median","sd","n","CI_upper","CI_lower"
"1","416",-0.148382846277112,-0.1339135,1.03971362592604,18005,-0.133195802523556,-0.163569890030668
"2","417",-0.0751177925406998,-0.07070885,0.479712027544089,18005,-0.0681106634911691,-0.0821249215902305
"3","418",-0.274252698961633,-0.2420906,0.322200522913007,18005,-0.269546332403688,-0.278959065519579
"4","419",-0.408765998585015,-0.3449034,0.426161488208758,18005,-0.402541079524497,-0.414990917645533
"5","420",-0.292840162425065,-0.3113429,0.429752739567904,18005,-0.286562786139633,-0.299117538710497
"6","421",-0.308596547222266,-0.3265337,0.429192816457268,18005,-0.302327349705072,-0.31486574473946
"7","422",-0.0331273508693091,-0.08059117,0.458526002683335,18005,-0.0264296850012748,-0.0398250167373434
"8","423",-0.0468839338396123,-0.04464911,0.490378974578898,18005,-0.0397209932403481,-0.0540468744388764
"9","424",0.0254102043212653,0.0604732,0.515063125628371,18005,0.0329337050523386,0.0178867035901919
"10","425",-0.0393206303711751,-0.002111053,0.405149772362338,18005,-0.0334026283692971,-0.0452386323730531
"11","426",-0.128986079769253,-0.1782013,0.360019834694067,18005,-0.123727288458542,-0.134244871079963
"12","427",-0.206730933827386,-0.2101397,0.316389344419656,18005,-0.202109450856457,-0.211352416798315
"13","428",-0.139131851836302,-0.1358963,0.38564781259991,18005,-0.133498713963167,-0.144764989709436
"14","429",-0.116034262424588,-0.103341,0.245985393323668,18005,-0.112441166366224,-0.119627358482952
"15","430",-0.118620963057214,-0.08746224,0.280166879907569,18005,-0.114528579772669,-0.12271334634176
"16","431",-0.169118304796242,-0.1865848,0.299569617938969,18005,-0.164742506709704,-0.173494102882781
"17","432",-0.26670689795694,-0.2930697,0.321851385776143,18005,-0.262005631227294,-0.271408164686585
"18","433",-0.291176013749833,-0.2983881,0.193815102782714,18005,-0.288344966456941,-0.294007061042725
"19","434",-0.302519273911589,-0.2973588,0.177244439297595,18005,-0.29993027345265,-0.305108274370527
"20","435",-0.252514403122999,-0.2525304,0.147015001782307,18005,-0.25036696251164,-0.254661843734358
"21","436",-0.241472636623988,-0.2287868,0.128430385308597,18005,-0.239596660554875,-0.243348612693101
"22","437",-0.23826697910556,-0.2231045,0.123997522228101,18005,-0.236455753640727,-0.240078204570392
"23","438",-0.241816873601777,-0.2367498,0.0530204087852308,18005,-0.241042407202594,-0.242591340000961
"24","439",-0.21423694242266,-0.2102669,0.0553268027247654,18005,-0.213428786645172,-0.215045098200149
"25","440",-0.210056846735351,-0.2058432,0.0543561418342616,18005,-0.209262869351842,-0.21085082411886
"26","441",-0.207355939299084,-0.2044699,0.0531168144549519,18005,-0.206580064707214,-0.208131813890954
"27","442",-0.201834054236046,-0.1994551,0.0516967806231028,18005,-0.201078922005724,-0.202589186466367
"28","443",-0.19629649568842,-0.1965809,0.0489432662512167,18005,-0.195581583901689,-0.197011407475151
"29","444",-0.176485706148848,-0.1758517,0.0453937793613781,18005,-0.175822641535564,-0.177148770762131
"30","445",-0.169797963855596,-0.1675854,0.0456926087025155,18005,-0.169130534257411,-0.170465393453781
"31","446",-0.169861138064982,-0.1668738,0.0457851483031588,18005,-0.169192356745584,-0.17052991938438
"32","447",-0.166004175810053,-0.1641252,0.0455562770041608,18005,-0.165338737602012,-0.166669614018093
"33","448",-0.160374606143649,-0.1594571,0.0466694351910237,18005,-0.15969290809091,-0.161056304196388
"34","449",-0.128074678885532,-0.1225942,0.0495880516117483,18005,-0.12735034875202,-0.128799009019044
"35","450",-0.122731902690918,-0.1132023,0.051157261050258,18005,-0.121984651195402,-0.123479154186435
"36","451",-0.122326077584004,-0.1117046,0.0510207104660443,18005,-0.121580820675886,-0.123071334492121
"37","452",-0.12211071257373,-0.1160886,0.050974765524207,18005,-0.121366126781028,-0.122855298366432
"38","453",-0.123915593884124,-0.1187815,0.0558767748428062,18005,-0.123099404692039,-0.12473178307621
"39","454",-0.134283157479644,-0.1336705,0.0669856828643028,18005,-0.133304701036298,-0.13526161392299
"40","455",-0.127960298648142,-0.1261156,0.0554106359330231,18005,-0.127150918323269,-0.128769678973016
"41","456",-0.211788492795578,-0.2129273,0.0779546887540412,18005,-0.210649812644255,-0.212927172946901
"42","457",-0.176730476493641,-0.1751807,0.0559187378697866,18005,-0.175913674349766,-0.177547278637515
"43","458",-0.228462924803721,-0.2267651,0.0821602257438389,18005,-0.227262814588697,-0.229663035018745
"44","459",-0.280089796773119,-0.2799213,0.00509029889440523,18005,-0.280015443037532,-0.280164150508705
"45","460",-0.21420638897534,-0.215738,0.0772724231464695,18005,-0.213077674642849,-0.215335103307831
"46","461",-0.181649846844876,-0.1793872,0.0588323506911767,18005,-0.180790485707548,-0.182509207982205
"47","462",-0.186002964497084,-0.1797709,0.0615625743514525,18005,-0.185103723122399,-0.18690220587177
"48","463",-0.187426789791725,-0.1810401,0.0626053091820899,18005,-0.186512317242703,-0.188341262340746
"49","464",-0.187524970298806,-0.181106,0.0626799372382387,18005,-0.186609407661585,-0.188440532936027
"50","465",-0.149884044848633,-0.1530903,0.0893856978636253,18005,-0.148578392531931,-0.151189697165335
"51","466",-0.178532449008809,-0.1780753,0.0641499375386162,18005,-0.177595414152389,-0.179469483865228
"52","467",-0.178740140451486,-0.1774948,0.065042259910278,18005,-0.177790071487825,-0.179690209415147
"53","468",-0.155288557583861,-0.1546361,0.0834082746165304,18005,-0.154070217182789,-0.156506897984932
"54","469",-0.0953188043521266,-0.09478526,0.0851803672355673,18005,-0.09407457908481,-0.0965630296194432
"55","470",-0.176723919843377,-0.1761518,0.0458950246679807,18005,-0.176053533565538,-0.177394306121216
"56","471",-0.189917316344904,-0.1883273,0.0484818047203792,18005,-0.189209145103151,-0.190625487586657
"57","472",-0.191523518405443,-0.189037,0.048049977413149,18005,-0.190821654843079,-0.192225381967807
"58","473",-0.190953454465426,-0.1887169,0.0485074442879451,18005,-0.190244908707821,-0.191662000223031
"59","474",-0.184841315715968,-0.1841804,0.0607493010720071,18005,-0.183953953782477,-0.185728677649459
"60","475",-0.190649703596157,-0.1877482,0.0707203456607224,18005,-0.189616695124368,-0.191682712067946
"61","476",-0.122486539888302,-0.1243432,0.0817022610365796,18005,-0.121293119140332,-0.123679960636272
"62","477",-0.196797084394446,-0.1975301,0.0616731440006254,18005,-0.195896227934551,-0.197697940854342
"63","478",-0.194736718632602,-0.1933704,0.05458743071225,18005,-0.193939362824282,-0.195534074440922
"64","479",-0.28728896242266,-0.2866742,0.0553939849920645,18005,-0.28647982531723,-0.288098099528091
"65","480",-0.157290276712385,-0.1565475,0.0729517425426043,18005,-0.156224674340477,-0.158355879084294
"66","481",-0.133045681999825,-0.1287291,0.0850997557939981,18005,-0.131802634219712,-0.134288729779937
"67","482",-0.225841715479034,-0.2240794,0.0197893919382599,18005,-0.2255526528432,-0.226130778114868
"68","483",-0.22572235479589,-0.2238098,0.0193711894206603,18005,-0.22543940082284,-0.22600530876894
"69","484",-0.225638517739517,-0.2237554,0.019412472198871,18005,-0.225354960751037,-0.225922074727997
"70","485",-0.261552235681644,-0.2631021,0.078920699074712,18005,-0.260399445066977,-0.262705026296311
"71","486",-0.225745088725354,-0.2240977,0.0195313968581415,18005,-0.225459794610459,-0.226030382840249
"72","487",-0.234077583475757,-0.2349045,0.073681843463275,18005,-0.233001316557044,-0.23515385039447
"73","488",-0.248652183860039,-0.2514566,0.0501511116822675,18005,-0.247919629136877,-0.249384738583201
"74","489",-0.249507405048598,-0.2517408,0.0507809459018803,18005,-0.248765650369205,-0.25024915972799
"75","490",-0.263871545793946,-0.2650249,0.070143597155074,18005,-0.262846961858079,-0.264896129729813
"76","491",-0.197569890121577,-0.1989855,0.0594122370789907,18005,-0.196702058613443,-0.198437721629712
"77","492",-0.207914924308248,-0.2082178,0.0561955562448651,18005,-0.207094078692527,-0.208735769923968
"78","493",-0.207903596548736,-0.2074787,0.0561406455665088,18005,-0.207083553010486,-0.208723640086986
"79","494",-0.204109878534829,-0.2042177,0.0795035127276962,18005,-0.202948574790943,-0.205271182278715
"80","495",-0.0950188963700434,-0.09386335,0.0782649138041667,18005,-0.0938756847772805,-0.0961621079628063
"81","496",-0.271724420288808,-0.2622061,0.0442243829017843,18005,-0.271078436989796,-0.27237040358782
"82","497",-0.271667362482644,-0.2633525,0.0440577635489882,18005,-0.271023812983996,-0.272310911981292
"83","498",-0.27490571980561,-0.2711817,0.0447662894424461,18005,-0.274251820905476,-0.275559618705743
"84","499",-0.278647167159123,-0.2737849,0.0451291841370533,18005,-0.277987967474747,-0.279306366843498
"85","500",-0.27907201206887,-0.2755991,0.045227490709449,18005,-0.278411376425419,-0.27973264771232
"86","501",-0.282182710619272,-0.2805723,0.0503950280852873,18005,-0.281446593021688,-0.282918828216857
"87","502",-0.292904819247431,-0.2921642,0.0684543709449485,18005,-0.291904909752413,-0.293904728742449
"88","503",-0.27107792594557,-0.2684967,0.0574493023046189,18005,-0.270238766925283,-0.271917084965858
"89","504",-0.27082897249764,-0.2689139,0.0581867007710588,18005,-0.26997904233567,-0.271678902659609
"90","505",-0.290533547983893,-0.292789,0.0728906238198411,18005,-0.289468838370042,-0.291598257597745
"91","506",-0.239659740634268,-0.2382155,0.0529504857643328,18005,-0.238886295597075,-0.240433185671462
"92","507",-0.239457104307692,-0.2376934,0.053076275696737,18005,-0.23868182186339,-0.240232386751994
"93","508",-0.241814906292696,-0.2366102,0.0528766467663361,18005,-0.24104253981797,-0.242587272767423
"94","509",-0.211871008347926,-0.2126053,0.0959104711249613,18005,-0.210470049001931,-0.21327196769392
"95","510",-0.236541494431738,-0.2249443,0.125438125168869,18005,-0.234709226153435,-0.238373762710041
"96","511",-0.237207028373896,-0.2285375,0.142961191540751,18005,-0.235118801561387,-0.239295255186405
"97","512",-0.262205227025826,-0.2599096,0.0434031715304677,18005,-0.261571239119311,-0.262839214932341
"98","513",-0.262353437722855,-0.2603258,0.0414976605666599,18005,-0.261747283517523,-0.262959591928187
"99","514",-0.262346095018051,-0.260218,0.0415813950299689,18005,-0.261738717707696,-0.262953472328405
"100","515",-0.264941495195224,-0.2659633,0.0734331019729474,18005,-0.263868861630737,-0.26601412875971
"101","516",-0.298477238972364,-0.2801123,0.195678431773633,18005,-0.295618974128209,-0.301335503816519
"102","517",-0.277128386909197,-0.2666276,0.167015357542363,18005,-0.27468880212425,-0.279567971694145
"103","518",-0.235517061285527,-0.2421803,0.119425291802912,18005,-0.23377262215665,-0.237261500414404
"104","519",-0.255114717215162,-0.2672484,0.0998271298424263,18005,-0.253656547435615,-0.25657288699471
"105","520",-0.254714167760233,-0.2656385,0.0988640746081616,18005,-0.253270065279233,-0.256158270241233
"106","521",-0.229520148930347,-0.23393,0.0922042385862849,18005,-0.228173326333475,-0.23086697152722
"107","522",-0.179876244142905,-0.1732517,0.0782058330699309,18005,-0.178733895539405,-0.181018592746405
"108","523",-0.177052630944849,-0.1695481,0.077398223598731,18005,-0.175922079051586,-0.178183182838111
"109","524",-0.153362907367787,-0.1532073,0.0742159567671335,18005,-0.152278838683364,-0.15444697605221
"110","525",-0.162209480768148,-0.1652946,0.071663533083898,18005,-0.161162695205912,-0.163256266330384
"111","526",-0.161604979382649,-0.164945,0.0711832942485536,18005,-0.160565208644517,-0.162644750120781
"112","527",-0.156784231463955,-0.1535568,0.0729095754289295,18005,-0.155719245024918,-0.157849217902991
"113","528",-0.156852879732919,-0.1535113,0.0729894466713798,18005,-0.155786726618729,-0.157919032847108
"114","529",-0.153037439225473,-0.1537947,0.0751490008145152,18005,-0.151939741614374,-0.154135136836572
"115","530",-0.199098828688809,-0.1961107,0.0927682979890347,18005,-0.197743766905091,-0.200453890472526
"116","531",-0.180648413764343,-0.1739931,0.0792625986287033,18005,-0.179490629040379,-0.181806198488308
"117","532",-0.229642892974685,-0.2340374,0.0936086434336584,18005,-0.228275556308041,-0.231010229641329
"118","533",-0.254530585205387,-0.2663516,0.0991116244501751,18005,-0.253082866776507,-0.255978303634267
"119","534",-0.273104875426637,-0.2755195,0.11072883073152,18005,-0.271487465059814,-0.27472228579346
"120","535",-0.218024890274218,-0.2180897,0.124410009648022,18005,-0.216207639626741,-0.219842140921695
"121","536",-0.166800134166593,-0.1627626,0.125240097176208,18005,-0.164970758473049,-0.168629509860136
"122","537",-0.27920099940256,-0.2644672,0.16769822136899,18005,-0.276751440060625,-0.281650558744495
"123","538",-0.270072838640766,-0.2721631,0.103723271036629,18005,-0.268557758126079,-0.271587919155454
"124","539",-0.262147899397001,-0.2612502,0.0893752272655759,18005,-0.260842400023789,-0.263453398770213
"125","540",-0.0215335592905197,-0.03194012,0.20470576058447,18005,-0.0185434327161638,-0.0245236858648755
"126","541",-0.0571045247546254,-0.05589284,0.140156017900005,18005,-0.0550572729700047,-0.0591517765392462
"127","542",-0.0557910538507916,-0.05788968,0.117948400087838,18005,-0.054068187603655,-0.0575139200979282
"128","543",-0.053701084075865,-0.05746039,0.128581401414039,18005,-0.0518229021222243,-0.0555792660295057
"129","544",-0.0341107395295312,-0.02951916,0.12350329897989,18005,-0.0323067331584061,-0.0359147459006562
"130","545",-0.0548234946109744,-0.08961771,0.112600059932307,18005,-0.0531787512949273,-0.0564682379270216
"131","546",-0.0550221749510132,-0.09021073,0.112614412979658,18005,-0.0533772219807375,-0.0566671279212888
"132","547",0.223820334497459,0.2101146,0.141104195765624,18005,0.225881436267664,0.221759232727253
"133","548",0.266803427513746,0.2394788,0.122614808672327,18005,0.268594455752394,0.265012399275098
"134","549",0.266985875437162,0.2376779,0.122764240319451,18005,0.268779086416236,0.265192664458088
"135","550",-0.300091267092559,-0.3178492,0.29529907158352,18005,-0.2957778486582,-0.304404685526918
"136","551",-0.215032032647449,-0.2074349,0.181862950276759,18005,-0.21237556983487,-0.217688495460027
"137","552",-0.215181588760356,-0.2078811,0.181602537025361,18005,-0.21252892979082,-0.217834247729891
"138","553",-0.218525242067153,-0.2179669,0.179885715778602,18005,-0.215897660617755,-0.221152823516551
"139","554",-0.217682462800391,-0.2106268,0.205838479095202,18005,-0.214675790664686,-0.220689134936095
"140","555",-0.135425354126076,-0.1321611,0.0248883948555159,18005,-0.135061810615439,-0.135788897636713
"141","556",-0.160035057657317,-0.1614377,0.0250377314142286,18005,-0.159669332795205,-0.160400782519429
"142","557",-0.169523430028325,-0.1715417,0.0255505878754219,18005,-0.169150213898117,-0.169896646158534
"143","558",-0.171708044159955,-0.1728553,0.0260798247046153,18005,-0.171327097494453,-0.172088990825458
"144","559",-0.170492656534296,-0.1730163,0.025933027261008,18005,-0.170113854131544,-0.170871458937048
"145","560",-0.232711440381561,-0.2325227,0.0444994198760243,18005,-0.232061439631534,-0.233361441131587
"146","561",-0.219809596923077,-0.2210156,0.0371727112904989,18005,-0.219266617030605,-0.220352576815549
"147","562",-0.214735555814496,-0.2157335,0.0429336702532547,18005,-0.214108425889122,-0.21536268573987
"148","563",-0.221292904893085,-0.2234379,0.037537422848504,18005,-0.22074459767754,-0.22184121210863
"149","564",-0.131973221491252,-0.1293717,0.024781246134836,18005,-0.131611243096498,-0.132335199886007
"150","565",-0.0823313038565593,-0.08103914,0.0437047082745133,18005,-0.081692911418247,-0.0829696962948716
"151","566",-0.0154975005337329,-0.01578226,0.023828220531292,18005,-0.0151494429352227,-0.015845558132243
"152","567",-0.130875610114413,-0.1290183,0.024974084022974,18005,-0.130510814946489,-0.131240405282336
"153","568",-0.130619660028325,-0.1282153,0.025058599944538,18005,-0.130253630340659,-0.130985689715992
"154","569",-0.254368122569375,-0.2439215,0.159028336558856,18005,-0.252045203791405,-0.256691041347345
"155","570",-0.255367457200102,-0.242313,0.157799253565657,18005,-0.253062491574547,-0.257672422825656
"156","571",-0.24575405025917,-0.2428159,0.122969113976685,18005,-0.243957846701063,-0.247550253817276
"157","572",-0.246467112135779,-0.2448862,0.123312190684448,18005,-0.24466589727375,-0.248268326997808
"158","573",-0.186828174623716,-0.1867914,0.00567727264645563,18005,-0.186745246992556,-0.186911102254875
"159","574",-0.243464498364699,-0.2310631,0.297927812238977,18005,-0.239112682050044,-0.247816314679355
"160","575",-0.191087527751943,-0.1739792,0.194282545420091,18005,-0.188249652548356,-0.193925402955531
"161","576",-0.24043469700281,-0.2419756,0.358975062847239,18005,-0.235191166621027,-0.245678227384593
"162","577",-0.43145368513288,-0.4447935,0.257424914499755,18005,-0.427693492573817,-0.435213877691943
"163","578",-0.356474171580161,-0.351137,0.197480339203258,18005,-0.353589586366347,-0.359358756793974
"164","579",-0.412813901192569,-0.4182973,0.159471464917443,18005,-0.410484509661331,-0.415143292723807
"165","580",-0.401506618179506,-0.4003893,0.152125824437899,18005,-0.39928452404303,-0.403728712315982
"166","581",-0.384848138048487,-0.3828341,0.148741285043472,18005,-0.382675481705829,-0.387020794391144
"167","582",-0.338493352026918,-0.3191612,0.193466463917042,18005,-0.335667397284105,-0.341319306769732
"168","583",-0.303705820823716,-0.2976317,0.190266326555472,18005,-0.300926610323658,-0.306485031323773
"169","584",-0.309520680062823,-0.3210672,0.197107605993847,18005,-0.306641539343935,-0.312399820781712
"170","585",-0.309372913078595,-0.3235062,0.199764207233825,18005,-0.306454967521276,-0.312290858635914
"171","586",-0.322801356568008,-0.3396664,0.225081608981755,18005,-0.319513601018318,-0.326089112117698
"172","587",-0.275547808828417,-0.2749423,0.234076603283071,18005,-0.272128663857053,-0.278966953799781
"173","588",-0.300957101664354,-0.2953874,0.192168750716082,18005,-0.29815010255189,-0.303764100776818
"174","589",-0.256300977551768,-0.2406171,0.249892965336929,18005,-0.252650803788875,-0.259951151314661
"175","590",-0.305609480944593,-0.2700759,0.288776774911313,18005,-0.301391333364116,-0.30982762852507
"176","591",-0.300647399204415,-0.2879171,0.231295422229332,18005,-0.297268878802448,-0.304025919606382
"177","592",-0.259746721098052,-0.2327816,0.270077081336265,18005,-0.255801718985154,-0.263691723210949
"178","593",-0.276531072377248,-0.2448382,0.248506410810515,18005,-0.272901151945402,-0.280160992809095
"179","594",-0.491325167245448,-0.4986514,0.254346287407678,18005,-0.48760994403485,-0.495040390456045
"180","595",-0.48563029165259,-0.4805084,0.386274925000494,18005,-0.479987993580697,-0.491272589724484
"181","596",-0.111709414011935,-0.08700005,0.266350282288094,18005,-0.107818849062111,-0.115599978961758
"182","597",-0.201490333523687,-0.271742,0.438118736699076,18005,-0.195090755546073,-0.207889911501302
"183","598",-0.246788933634428,-0.2850811,0.467609063627835,18005,-0.239958591959768,-0.253619275309089
"184","599",-0.33772445795914,-0.3059234,0.223598081942894,18005,-0.334458372213026,-0.340990543705255
"185","600",-0.336713628415218,-0.300478,0.221574913330074,18005,-0.333477094989548,-0.339950161840888
"186","601",-0.191586576671361,-0.1659901,0.216119550047083,18005,-0.18842972945813,-0.194743423884593
"187","602",-0.191031217254094,-0.1636961,0.212226469380244,18005,-0.187931236071035,-0.194131198437152
"188","603",-0.156842142355723,-0.1575829,0.180512695093067,18005,-0.154205402651549,-0.159478882059898
"189","604",-0.157669895990908,-0.1572203,0.180789898369378,18005,-0.155029107192655,-0.160310684789161
"190","605",-0.303644612601346,-0.2905436,0.19762658237154,18005,-0.300757891221053,-0.306531333981638
"191","606",-0.327604069315177,-0.3125716,0.22403220897318,18005,-0.324331642297737,-0.330876496332618
"192","607",-0.286714097129211,-0.30449,0.265673160696373,18005,-0.282833422859844,-0.290594771398578
"193","608",-0.244994879135152,-0.2707044,0.259167993310483,18005,-0.241209225513057,-0.248780532757246
"194","609",-0.324205236717478,-0.2927776,0.242884516345249,18005,-0.320657435010531,-0.327753038424425
"195","610",-0.281790879760278,-0.2654792,0.203263379890405,18005,-0.278821821966944,-0.284759937553612
"196","611",-0.323245051581267,-0.3483153,0.367880149570406,18005,-0.317871445053206,-0.328618658109329
"197","612",-0.11960577223489,-0.1519142,0.321566245853721,18005,-0.114908670529507,-0.124302873940273
"198","613",-0.0923087658049938,-0.08006331,0.310742114751613,18005,-0.0877697716289754,-0.0968477599810123
"199","614",-0.237024854612751,-0.20985,0.488516008586773,18005,-0.229889126262445,-0.244160582963057
"200","615",-0.126425470371519,-0.1367987,0.176592430382153,18005,-0.123845993773459,-0.129004946969579
"201","616",-0.00941484838184037,0.05153605,0.388053978501572,18005,-0.00374656376645326,-0.0150831329972275
"202","617",-0.0314149414145116,-0.006592658,0.226862707396354,18005,-0.0281011694513809,-0.0347287133776422
"203","618",-0.154366062019634,-0.109815,0.320246919026889,18005,-0.149688231653728,-0.15904389238554
"204","619",-0.154138566821283,-0.1073206,0.320181082331205,18005,-0.149461698128623,-0.158815435513942
"205","620",-0.0330615610443123,0.004908632,0.317436957683287,18005,-0.0284247756400256,-0.037698346448599
"206","621",-0.154661318073914,-0.1081109,0.320374363933241,18005,-0.14998162612678,-0.159341010021049
"207","622",-0.107246541210586,-0.115722,0.284498980081617,18005,-0.103090879160381,-0.111402203260791
"208","623",0.0499265430503138,0.06383469,0.276883630003393,18005,0.0539709680714438,0.0458821180291839
"209","624",0.0779849266556056,0.07842866,0.284070008624295,18005,0.0821343227416748,0.0738355305695365
"210","625",0.188531775923443,0.1796095,0.295878486942369,18005,0.192853657848312,0.184209893998574
"211","626",0.0272842439114222,0.07498869,0.315940301092835,18005,0.0318991677294447,0.0226693200933998
"212","627",0.0602060741702099,0.1026268,0.329162354017472,18005,0.0650141318390074,0.0553980165014125
"213","628",0.0710709169500494,0.05074943,0.237884727846096,18005,0.0745456870021238,0.067596146897975
"214","629",0.0833824997553425,0.07635111,0.22278689964572,18005,0.0866367366031333,0.0801282629075517
"215","630",0.0478946310670059,0.06453565,0.204165643714762,18005,0.0508768681818723,0.0449123939521394
"216","631",0.0780303270732046,0.09329036,0.203668734202414,18005,0.0810053058562406,0.0750553482901685
"217","632",0.0920338283171394,0.09621203,0.205624664318353,18005,0.0950373772713351,0.0890302793629438
"218","633",0.190522690167807,0.1986872,0.203219389607404,18005,0.193491105397327,0.187554274938286
"219","634",0.0847251856845935,0.07787143,0.22383300543986,18005,0.087994702946212,0.081455668422975
"220","635",0.122199732139323,0.1297475,0.269331039882097,18005,0.126133836862859,0.118265627415788
"221","636",0.111839667270197,0.1134101,0.288343176701882,18005,0.116051481303807,0.107627853236587
"222","637",0.0947923524934896,0.08340604,0.246690669540698,18005,0.0983957504854816,0.0911889545014976
"223","638",0.0970438090845654,0.1233141,0.224178347626456,18005,0.10031837074184,0.0937692474272913
"224","639",-0.0178186338409938,0.02879523,0.298192054811691,18005,-0.0134629577485944,-0.0221743099333932
"225","640",-0.120598879849502,-0.1557107,0.37507506411875,18005,-0.115120177572646,-0.126077582126358
"226","641",-0.0301838816360885,-0.05681627,0.348825084034557,18005,-0.0250886114756611,-0.0352791517965159
"227","642",-0.0196982998266151,-0.0395762,0.336972667919699,18005,-0.0147761573021378,-0.0246204423510923
"228","643",-0.0173010936770952,-0.02049958,0.32724753011833,18005,-0.0125210057430512,-0.0220811816111393
"229","644",-0.197475968221972,-0.2044086,0.122222325176742,18005,-0.195690672969668,-0.199261263474275
"230","645",-0.197618918224954,-0.2031728,0.122066935312543,18005,-0.19583589274445,-0.199401943705459
"231","646",-0.089083441396274,-0.07289689,0.344956348597708,18005,-0.0840446816564906,-0.0941222011360574
"232","647",-0.129455516713363,-0.1302979,0.335486436323965,18005,-0.124555083497786,-0.134355949928941
"233","648",-0.218313445173624,-0.2158844,0.301139379283656,18005,-0.213914717663415,-0.222712172683833
"234","649",-0.00488431005642765,0.02992933,0.331525361615454,18005,-4.17360565120378e-05,-0.00972688405634325
"235","650",-0.0323290542785793,-0.02714174,0.284861132546222,18005,-0.0281681022858478,-0.0364900062713108
"236","651",0.110645914637806,0.09944136,0.242496492249263,18005,0.11418804849663,0.107103780778982
"237","652",0.110397831028059,0.09391125,0.239254193430078,18005,0.113892604793872,0.106903057262246
"238","653",0.0300608367913472,0.02050157,0.298741364686036,18005,0.0344245366249845,0.0256971369577099
"239","654",-0.00100041512672214,0.001465787,0.237120287768849,18005,0.00246318878824426,-0.00446401904168854
"240","655",-0.034608651195271,-0.03581649,0.236383748537743,18005,-0.0311558058711801,-0.0380614965193619
"241","656",-0.133332672387626,-0.1293808,0.211068791871505,18005,-0.130249601340723,-0.136415743434528
"242","657",0.188268235990019,0.1882942,0.221495671639895,18005,0.191503611936374,0.185032860043664
"243","658",0.187180823727404,0.1829866,0.220761207216328,18005,0.190405471389491,0.183956176065317
"244","659",0.253745989451247,0.2526109,0.238085900894149,18005,0.257223698027745,0.25026828087475
"245","660",0.0781966273221218,0.09008593,0.343234293713022,18005,0.083210233094286,0.0731830215499576
"246","661",0.0675666628907417,0.05986421,0.342441276933909,18005,0.0725686851073755,0.0625646406741079
"247","662",-0.226240770101748,-0.2829799,0.330608285631063,18005,-0.221411591783829,-0.231069948419667
"248","663",-0.155174255306359,-0.1509499,0.223017089000886,18005,-0.151916656094431,-0.158431854518286
"249","664",-0.154721020750164,-0.1526668,0.22235391664088,18005,-0.151473108462979,-0.15796893303735
"250","665",-0.147089913442522,-0.1398813,0.20880062527356,18005,-0.1440399733891,-0.150139853495943
"251","666",-0.254870240980478,-0.2509395,0.237275163970932,18005,-0.251404374796749,-0.258336107164206
"252","667",-0.0378865157379169,-0.006650257,0.28243693148127,18005,-0.0337609739261456,-0.0420120575496881
"253","668",-0.0658997175231216,-0.08386588,0.227621950470133,18005,-0.0625748553352468,-0.0692245797109964
"254","669",0.00092889880222263,0.0003494022,0.18068733111202,18005,0.00356818940579383,-0.00171039180134857
"255","670",-0.00467991925445099,-0.009533547,0.122683980109366,18005,-0.00288788063216031,-0.00647195787674167
"256","671",0.0332314521828992,0.08316457,0.368789189615651,18005,0.038618337012405,0.0278445673533935
"257","672",-0.128905923912225,-0.1461134,0.343168344966984,18005,-0.123893281450021,-0.133918566374429
"258","673",-0.0995675794218441,-0.0991964,0.263914094589151,18005,-0.0957125997411308,-0.103422559102557
"259","674",-0.122937334916558,-0.1030139,0.210671516914918,18005,-0.119860066844626,-0.12601460298849
"260","675",0.0788879402864902,0.09284572,0.236569152080691,18005,0.0823434937906497,0.0754323867823306
"261","676",0.0988999535519446,0.0657369,0.255724538386573,18005,0.102635308804095,0.0951645982997945
"262","677",-0.403140656497493,-0.4133193,0.420997140849932,18005,-0.396991172794694,-0.409290140200292
"263","678",0.0955625204591808,0.07388735,0.311172813897598,18005,0.100107805835595,0.0910172350827668
"264","679",0.119944354260219,0.1132156,0.313233749980738,18005,0.124519743624585,0.115368964895854
"265","680",-0.00108382493284406,0.01066471,0.203368303153973,18005,0.00188676546923418,-0.0040544153349223
"266","681",0.0166400163583615,0.02414529,0.194456003884956,18005,0.0194804252608727,0.0137996074558503
"267","682",0.0431704858842499,0.0473402,0.175901321872078,18005,0.045739867495653,0.0406011042728468
"268","683",0.0566648103579493,0.06327309,0.1794529184504,18005,0.0592860699589112,0.0540435507569873
"269","684",0.0677320556698504,0.06523131,0.217370876531845,18005,0.0709071809450411,0.0645569303946597
"270","685",0.0776619115555785,0.06270454,0.226899323305603,18005,0.0809762183654227,0.0743476047457343
"271","686",0.0472762860577738,0.0195432,0.274264980835544,18005,0.0512824606044504,0.0432701115110973
"272","687",-0.0242941507220262,-0.03821672,0.334092133736797,18005,-0.019414084013022,-0.0291742174310303
"273","688",-0.0445052460389332,-0.08800858,0.328872820552796,18005,-0.0397014175706449,-0.0493090745072215
"274","689",0.00735100637252383,-0.02255299,0.315495703634465,18005,0.0119594359782126,0.00274257676683503
"275","690",0.0778583601669335,0.0624321,0.227442608889765,18005,0.081180602721517,0.07453611761235
"276","691",0.046241841365092,0.04332419,0.294394197873355,18005,0.0505420423554499,0.0419416403747342
"277","692",0.127207512150176,0.1656491,0.301342498147863,18005,0.131609206607244,0.122805817693107
"278","693",-0.0757944604832672,-0.09862431,0.303393345374136,18005,-0.0713628094056631,-0.0802261115608713
"279","694",0.0629315870150298,0.06292038,0.236057408520644,18005,0.0663796655071829,0.0594835085228766
"280","695",0.0658217707500519,0.04485893,0.220128429985879,18005,0.0690371754674995,0.0626063660326042
"281","696",0.0666516493877114,0.0596197,0.274794998339511,18005,0.0706655658729584,0.0626377329024643
"282","697",0.0129568258495909,0.01449764,0.263253701194622,18005,0.0168021591977688,0.00911149250141308
"283","698",0.092123092974785,0.05723493,0.305793789368743,18005,0.096589807215038,0.0876563787345321
"284","699",0.156798048716545,0.1419449,0.178639253885682,18005,0.159407423160828,0.154188674272262
"285","700",0.157053811008294,0.1396338,0.178714513884609,18005,0.159664284771532,0.154443337245056
"286","701",-0.00342277557574522,-0.01407797,0.347574296298167,18005,0.00165422439219331,-0.00849977554368375
"287","702",0.069997462959089,0.04929284,0.284337199247251,18005,0.0741507618849211,0.0658441640332569
"288","703",0.0766623556249374,0.07253752,0.193887789295877,18005,0.0794944646460096,0.0738302466038653
"289","704",0.0878546622118116,0.09752822,0.201197532607697,18005,0.0907935442795532,0.08491578014407
"290","705",0.14172084505951,0.1337924,0.225422511319882,18005,0.145013580152217,0.138428109966804
"291","706",-0.00154018044616551,-0.009699477,0.22616017343657,18005,0.00176332963934852,-0.00484369053167954
"292","707",-0.00271361700147884,0.006347903,0.250475887435716,18005,0.000945071474695487,-0.00637230547765316
"293","708",-0.0308455997431358,-0.01047983,0.227450799015793,18005,-0.0275232375558004,-0.0341679619304713
"294","709",-0.143633966833736,-0.1282408,0.313903563503309,18005,-0.139048793537507,-0.148219140129966
"295","710",-0.0988303670061288,-0.1181073,0.234586989882136,18005,-0.0954037668438179,-0.10225696716844
"296","711",-0.0939578574031527,-0.09209999,0.216990049277489,18005,-0.0907882948521874,-0.097127419954118
"297","712",-0.0607306230484944,-0.06612806,0.199814718183905,18005,-0.0578119396803115,-0.0636493064166773
"298","713",-0.0957027085106648,-0.1021638,0.236073893549793,18005,-0.0922543892225341,-0.0991510277987955
"299","714",-0.105257351244621,-0.1115973,0.195408056675216,18005,-0.102403035755699,-0.108111666733543
"300","715",-0.0498065185163408,-0.01391177,0.242155876889139,18005,-0.0462693600086599,-0.0533436770240218
"301","716",-0.0495947577047261,-0.0151264,0.242367143723154,18005,-0.0460545132332068,-0.0531350021762454
"302","717",-0.0569045394427365,-0.08545301,0.320876554859876,18005,-0.0522175120184235,-0.0615915668670495
"303","718",-0.0228088475730945,-0.002972811,0.31683122387497,18005,-0.0181809100915633,-0.0274367850546258
"304","719",0.165365793635956,0.1747964,0.307845111488661,18005,0.169862471433492,0.160869115838421
"305","720",0.127660203120395,0.1221205,0.372917192527259,18005,0.133107385477287,0.122213020763503
"306","721",-0.128355337383369,-0.1098808,0.256983275521313,18005,-0.124601595822275,-0.132109078944464
"307","722",0.016296005213323,0.01216848,0.248384192529214,18005,0.0199241404089863,0.0126678700176598
"308","723",-0.00702164581690855,-0.0206937,0.230267939934319,18005,-0.00365813379627018,-0.0103851578375469
"309","724",-0.0877821654971795,-0.1193038,0.337889872964583,18005,-0.0828466254055257,-0.0927177055888332
"310","725",-0.0905478671616384,-0.06705026,0.325759375962397,18005,-0.0857895166192324,-0.0953062177040444
"311","726",-0.0650592817092828,-0.03456916,0.350210722202586,18005,-0.0599437716030091,-0.0701747918155566
"312","727",-0.0612633148902565,-0.02866432,0.350579551176579,18005,-0.0561424173180249,-0.0663842124624881
"313","728",0.0935899700166896,0.08831441,0.216368308180362,18005,0.0967504508272506,0.0904294892061286
"314","729",0.15516086246346,0.1513844,0.145214414870012,18005,0.157282001993889,0.15303972293303
"315","730",0.158520853694013,0.188433,0.154960733083584,18005,0.160784357196074,0.156257350191953
"316","731",0.16409398466866,0.15756,0.139728576711026,18005,0.166134992841696,0.162052976495623
"317","732",0.15815243278186,0.1872088,0.154719685332079,18005,0.160412415311744,0.155892450251976
"318","733",0.155255698127295,0.1523048,0.144914070604667,18005,0.157372450544403,0.153138945710187
"319","734",0.166013494531389,0.1575139,0.145934182944563,18005,0.168145147677268,0.16388184138551
"320","735",0.102517114815217,0.09983643,0.181809249215729,18005,0.105172793219144,0.0998614364112896
"321","736",0.100532215394809,0.1090886,0.19617313613768,18005,0.103397706360306,0.0976667244293122
"322","737",-0.135868365405932,-0.1502494,0.288812918735162,18005,-0.131649689874469,-0.140087040937396
"323","738",-0.100892343767392,-0.04176161,0.313725832137178,18005,-0.096309766584137,-0.105474920950647
"324","739",-0.101206396033177,-0.04297006,0.314180142119479,18005,-0.0966171827672474,-0.105795609299106
"325","740",-0.0959218628673989,-0.1455114,0.375753980982662,18005,-0.0904332436866376,-0.10141048204816
"326","741",-0.0480293096552248,-0.1284678,0.463257813669347,18005,-0.0412625264661454,-0.0547960928443042
"327","742",-0.0873572530270312,-0.09969204,0.234651811454526,18005,-0.0839297060193279,-0.0907848000347344
"328","743",-0.0449838886416297,-0.03106363,0.273714227729,18005,-0.04098575891741,-0.0489820183658494
"329","744",-0.0908451412215362,-0.1309544,0.352794457739594,18005,-0.0856918906224289,-0.0959983918206434
"330","745",0.0887700106820978,0.09826681,0.334117113025888,18005,0.0936504422623,0.0838895791018955
"331","746",-0.087680417422482,-0.1017329,0.235176229297161,18005,-0.0842452102701748,-0.0911156245747891
"332","747",-0.0796735890159011,-0.128671,0.398605470800018,18005,-0.0738511792922092,-0.085495998739593
"333","748",-0.240172563036121,-0.222534,0.315396278883308,18005,-0.235565585722687,-0.244779540349555
"334","749",0.0236785057100404,0.07210118,0.342063657273399,18005,0.028675012055608,0.0186819993644728
"335","750",-0.0672500211955368,-0.04651667,0.276194303765447,18005,-0.0632156651275062,-0.0712843772635674
"336","751",-0.1196926966591,-0.108951,0.266135468001326,18005,-0.115805269490576,-0.123580123827623
"337","752",-0.159645950375523,-0.2357012,0.471602363111917,18005,-0.152757278779552,-0.166534621971495
"338","753",-0.631793456348703,-0.6527684,0.333565438907148,18005,-0.626921083044136,-0.636665829653271
"339","754",0.0620207821076658,0.05596735,0.312987842524582,18005,0.0665925795143971,0.0574489847009344
"340","755",0.0377985738949633,0.02930894,0.297880720614479,18005,0.0421497023446684,0.0334474454452581
"341","756",-0.0479199207226549,-0.0459901,0.249570717643918,18005,-0.0442744540153308,-0.0515653874299789
"342","757",-0.048690037403297,-0.02652359,0.257383175020626,18005,-0.044930454530671,-0.052449620275923
"343","758",0.0151037013483201,-0.002609347,0.332245561440622,18005,0.0199567952702444,0.0102506074263958
"344","759",0.0156565756677481,0.0426004,0.496487653638037,18005,0.022908745429576,0.00840440590592018
"345","760",-0.0275733365522542,-0.005210389,0.359380230523213,18005,-0.0223238879069526,-0.0328227851975559
"346","761",0.309567235258118,0.2363924,0.421773772247245,18005,0.315728063176013,0.303406407340222
"347","762",0.317988859478369,0.2400498,0.471999953934973,18005,0.324883338663157,0.311094380293582
"348","763",-0.0976655736997775,-0.1272734,0.515446409164485,18005,-0.0901364743656967,-0.105194673033858
"349","764",-0.105812782136062,-0.131165,0.521588035983068,18005,-0.0981939723731809,-0.113431591898944
"350","765",-0.035238824664276,0.05229987,0.474468539462188,18005,-0.0283082869769583,-0.0421693623515937
"351","766",0.154660783212964,0.1724776,0.344692790465272,18005,0.159695693172588,0.14962587325334
"352","767",0.192298274560628,0.1910028,0.225459863256937,18005,0.195591555251168,0.189004993870087
"353","768",0.238842032357758,0.2562759,0.301485687144842,18005,0.243245818369181,0.234438246346334
"354","769",0.337068109046848,0.3286841,0.373242513339055,18005,0.342520043348198,0.331616174745498
"355","770",0.250376257694801,0.2361525,0.301587424606256,18005,0.25478152978012,0.245970985609482
"356","771",-0.00132020550974732,-0.03274252,0.296343578281477,18005,0.00300846998052305,-0.00564888100001769
"357","772",-0.168076981713029,-0.1641785,0.133640684861846,18005,-0.166124899064844,-0.170029064361214
"358","773",-0.097054403374146,-0.1353191,0.410676387653924,18005,-0.0910556743853848,-0.103053132362907
"359","774",0.0712800067581704,0.01799884,0.417005915107921,18005,0.0773711908307029,0.0651888226856378
"360","775",0.148656645255739,0.1110318,0.314801590866328,18005,0.153254935991727,0.144058354519751
"361","776",0.115633181870594,0.0963679,0.292305239719358,18005,0.119902869556044,0.111363494185143
"362","777",0.120373345720177,0.09315286,0.361931701079255,18005,0.125660063565385,0.115086627874968
"363","778",0.0513921392133318,0.02622455,0.383887323580997,18005,0.0569995617134144,0.0457847167132492
"364","779",-0.656226898405182,-0.6732992,0.315190541913215,18005,-0.651622926281146,-0.660830870529217
"365","780",-0.73449054683228,-0.7300131,0.381264255333266,18005,-0.728921439355924,-0.740059654308635
"366","781",-0.329480342607942,-0.3587732,0.330750579664005,18005,-0.324649085808362,-0.334311599407522
"367","782",-0.290742984938698,-0.252678,0.466703910593401,18005,-0.283925864788114,-0.297560105089283
"368","783",-0.306767037628569,-0.2864538,0.443408124178763,18005,-0.300290197838586,-0.313243877418552
"369","784",-0.267825982113348,-0.3599232,0.498083391897851,18005,-0.26055050348438,-0.275101460742317
"370","785",-0.0111862232348996,-0.05257633,0.424974227685893,18005,-0.00497864642811208,-0.017393800041687
"371","786",-0.140406274780348,-0.1213427,0.370335993570519,18005,-0.134996795864591,-0.145815753696105
"372","787",-0.460428036508334,-0.4250134,0.362172483031969,18005,-0.455137801573458,-0.46571827144321
"373","788",-0.456493472399428,-0.4499651,0.361895275913433,18005,-0.451207286614754,-0.461779658184103
"374","789",-0.0119153657834325,-0.05350193,0.289297697916507,18005,-0.00768960910726333,-0.0161411224596017
"375","790",-0.0118753765595491,-0.05304538,0.2889402314855,18005,-0.00765484137725349,-0.0160959117418446
"376","791",-0.00575420627281505,-0.01263957,0.435734120819204,18005,0.000610539742612584,-0.0121189522882427
"377","792",-0.0358894809402003,-0.0398698,0.113127892345883,18005,-0.0342370276030862,-0.0375419342773144
"378","793",-0.222899745308453,-0.2226485,0.551231203492051,18005,-0.214847939313987,-0.230951551302919
"379","794",-0.0673096642003523,-0.09713267,0.43537602014116,18005,-0.0609501489432123,-0.0736691794574922
"380","795",-0.118994180303319,-0.1408212,0.308946941875102,18005,-0.114481408125686,-0.123506952480952
"381","796",-0.229344161065443,-0.2158191,0.258870214545686,18005,-0.225562857082535,-0.233125465048351
"382","797",-0.373722212951363,-0.2931958,0.46395143092788,18005,-0.366945298130467,-0.38049912777226
"383","798",-0.249725139407001,-0.3183797,0.820634384990781,18005,-0.237738174920095,-0.261712103893907
"384","799",-0.671284460893934,-0.6651925,0.705194263053857,18005,-0.66098372436351,-0.681585197424358
"385","800",0.0312335839088787,-0.04945163,0.450323998038519,18005,0.0378114435145908,0.0246557243031667
"386","801",-0.0225039804019153,0.0003891759,0.405513501178297,18005,-0.0165806654318269,-0.0284272953720036
"387","802",0.0244361473436369,-0.004207279,0.365111746611192,18005,0.0297693159512742,0.0191029787359996
"388","803",0.0190562223549282,0.02610747,0.338554576582497,18005,0.0240014717383299,0.0141109729715265
"389","804",-0.00554307014180843,-0.05401946,0.425544558887302,18005,0.000672837463666144,-0.011758977747283
"390","805",0.00919862180330375,-0.05401683,0.430549378727804,18005,0.0154876345561968,0.00290960905041066
"391","806",-0.0951824116612768,-0.09347793,0.193115810492819,18005,-0.092361578895095,-0.0980032444274587
"392","807",0.00301735744575653,0.006244167,0.203739222007972,18005,0.005993365840563,4.13490509500571e-05
"393","808",0.0174611674992411,0.04961924,0.257917094753306,18005,0.0212285493100929,0.0136937856883893
"394","809",0.113694445989191,0.128401,0.21676287908424,18005,0.116860690276763,0.110528201701619
"395","810",-0.155105432399839,-0.145966,0.210432022731444,18005,-0.152031662607195,-0.158179202192483
"396","811",-0.0574847520624201,-0.07264857,0.373372604686512,18005,-0.0520309175234115,-0.0629385866014287
"397","812",-0.267951317672934,-0.2373953,0.444114856470624,18005,-0.261464154680512,-0.274438480665355
"398","813",0.166565709629581,0.1818076,0.399998939106608,18005,0.172408473673552,0.160722945585609
"399","814",0.0195899884669474,0.0380697,0.372331595467775,18005,0.0250286170375445,0.0141513598963503
"400","815",0.534093479701753,0.5704977,0.351248350986055,18005,0.539224146398593,0.528962813004913
"401","816",0.510300800589847,0.4939783,0.356240980594724,18005,0.515504394372012,0.505097206807681
"402","817",0.6471032138406,0.6455505,0.163360915611773,18005,0.649489418379188,0.644717009302011
"403","818",0.541364665323256,0.6224245,0.421911775876443,18005,0.547527509053104,0.535201821593407
"404","819",-0.315546883810996,-0.4283493,0.478170488510086,18005,-0.308562271943287,-0.322531495678706
"405","820",-0.332691512959056,-0.4152798,0.549895001937874,18005,-0.324659224792346,-0.340723801125765
"406","821",-0.4263227473394,-0.4236151,0.204718529814822,18005,-0.42333243424555,-0.429313060433251
"407","822",-0.331106845996592,-0.3768105,0.505499437209517,18005,-0.323723041573079,-0.338490650420104
"408","823",-0.332768331894386,-0.2594681,0.457905369967183,18005,-0.326079731576691,-0.33945693221208
"409","824",-0.335621494337362,-0.2660324,0.396826957131154,18005,-0.329825063271862,-0.341417925402862
"410","825",-0.357866344324162,-0.3389582,0.347743962403862,18005,-0.352786866052096,-0.362945822596229
"411","826",-0.185745058410465,-0.1815476,0.228557795819361,18005,-0.182406526377442,-0.189083590443489
"412","827",-0.234041957084313,-0.2549578,0.285885518054363,18005,-0.22986604194486,-0.238217872223766
"413","828",-0.272314972316897,-0.2862206,0.274437730211105,18005,-0.268306274428928,-0.276323670204866
"414","829",-0.427745214994896,-0.4241869,0.204250628096226,18005,-0.424761736517516,-0.430728693472276
