node,mean,median,sd,n,CI_upper,CI_lower,notes
416,3.342845971,3.345761,0.250112779,18005,3.346499356,3.339192587,root node 
417,3.351752428,3.340915,0.150326297,18005,3.353948237,3.34955662,
418,3.33779375,3.330438,0.141986307,18005,3.339867737,3.335719763,
419,3.330101815,3.330209,0.151232578,18005,3.332310862,3.327892769,
420,3.376243069,3.365803,0.139787114,18005,3.378284932,3.374201206,
421,3.367995355,3.372612,0.137845289,18005,3.370008854,3.365981856,
422,3.410594062,3.408494,0.12103369,18005,3.412361994,3.408826129,
423,3.414022627,3.412999,0.118881172,18005,3.415759118,3.412286135,
424,3.437656206,3.437187,0.102832102,18005,3.43915827,3.436154143,"Root of Tanganyika Endemic tribes, but not Bathybates"
425,3.432893134,3.434805,0.094132478,18005,3.434268122,3.431518146,
426,3.419639453,3.418498,0.091284111,18005,3.420972836,3.418306071,
427,3.409371925,3.412265,0.098540403,18005,3.4108113,3.40793255,
428,3.406106175,3.409078,0.104845683,18005,3.40763765,3.404574699,
429,3.41093442,3.413957,0.083891147,18005,3.412159813,3.409709026,
430,3.413394949,3.414238,0.086409264,18005,3.414657124,3.412132773,
431,3.41161189,3.410607,0.085272622,18005,3.412857463,3.410366317,
432,3.406350502,3.405594,0.080952501,18005,3.407532971,3.405168033,
433,3.454355016,3.454863,0.049533238,18005,3.455078546,3.453631487,Root of Lake Malawi
434,3.447561513,3.447668,0.045892658,18005,3.448231865,3.446891161,
435,3.449734102,3.450315,0.034482186,18005,3.450237781,3.449230422,
436,3.452301685,3.452291,0.028838574,18005,3.452722928,3.451880441,
437,3.45138708,3.451018,0.028295666,18005,3.451800393,3.450973767,
438,3.442527828,3.444331,0.009743124,18005,3.442670146,3.442385511,
439,3.450713668,3.45007,0.010480168,18005,3.450866751,3.450560584,
440,3.451023881,3.451405,0.009812674,18005,3.451167214,3.450880547,
441,3.451727064,3.451938,0.009589963,18005,3.451867144,3.451586984,
442,3.454233184,3.454034,0.009383473,18005,3.454370248,3.45409612,
443,3.457119636,3.456805,0.009343088,18005,3.45725611,3.456983162,
444,3.463983802,3.463024,0.008592154,18005,3.464109307,3.463858297,
445,3.463720275,3.46349,0.008062895,18005,3.46383805,3.463602501,
446,3.463327238,3.4634,0.008217542,18005,3.463447271,3.463207204,
447,3.46930372,3.469125,0.009154007,18005,3.469437432,3.469170008,
448,3.470016492,3.470334,0.009712122,18005,3.470158356,3.469874628,
449,3.476274812,3.47584,0.008540497,18005,3.476399563,3.476150061,
450,3.478245745,3.478757,0.007738448,18005,3.47835878,3.47813271,
451,3.478343201,3.478756,0.007722958,18005,3.47845601,3.478230392,
452,3.478472696,3.479225,0.007717925,18005,3.478585431,3.478359961,
453,3.475312467,3.475165,0.008849926,18005,3.475441738,3.475183197,
454,3.466128706,3.466319,0.012564545,18005,3.466312235,3.465945176,
455,3.474192894,3.473873,0.010719552,18005,3.474349474,3.474036314,
456,3.470119022,3.470051,0.017054464,18005,3.470368135,3.469869908,
457,3.473319832,3.473029,0.011459119,18005,3.473487215,3.47315245,
458,3.487506104,3.487616,0.018103101,18005,3.487770535,3.487241673,
459,3.503812166,3.503759,0.001162246,18005,3.503829142,3.503795189,
460,3.492564485,3.492467,0.017331205,18005,3.492817641,3.492311329,
461,3.445535654,3.444461,0.010554155,18005,3.445689818,3.44538149,
462,3.442561167,3.440986,0.010355549,18005,3.44271243,3.442409904,
463,3.441323975,3.440252,0.010082469,18005,3.441471249,3.441176701,
464,3.441404882,3.439921,0.010175334,18005,3.441553512,3.441256251,
465,3.446941506,3.446894,0.017447855,18005,3.447196366,3.446686646,
466,3.442308066,3.441295,0.012366227,18005,3.442488699,3.442127434,
467,3.441901675,3.440277,0.012543844,18005,3.442084903,3.441718448,
468,3.444424402,3.444334,0.017230756,18005,3.444676091,3.444172713,
469,3.464228792,3.464178,0.01749171,18005,3.464484293,3.463973292,
470,3.464429344,3.463251,0.008620002,18005,3.464555256,3.464303432,
471,3.466245361,3.466012,0.008450473,18005,3.466368797,3.466121926,
472,3.47029488,3.471322,0.009638007,18005,3.470435662,3.470154098,
473,3.470378603,3.471374,0.009754566,18005,3.470521087,3.470236118,
474,3.47452473,3.474097,0.013113061,18005,3.474716272,3.474333188,
475,3.474770212,3.47454,0.015306485,18005,3.474993793,3.474546631,
476,3.500927212,3.500853,0.017012079,18005,3.501175707,3.500678718,
477,3.469538011,3.469424,0.012428824,18005,3.469719558,3.469356463,
478,3.466240175,3.466791,0.009340608,18005,3.466376613,3.466103737,
479,3.483074903,3.483005,0.012149626,18005,3.483252372,3.482897434,
480,3.46521216,3.465889,0.0159833,18005,3.465445628,3.464978693,
481,3.458083227,3.458101,0.018501773,18005,3.458353482,3.457812973,
482,3.472743046,3.474344,0.008703811,18005,3.472870182,3.47261591,
483,3.472707446,3.474188,0.008583733,18005,3.472832828,3.472582064,
484,3.472760591,3.474186,0.008496706,18005,3.472884702,3.47263648,
485,3.476962692,3.476595,0.016888272,18005,3.477209378,3.476716006,
486,3.472642534,3.474098,0.008612726,18005,3.47276834,3.472516729,
487,3.470087742,3.469946,0.016248543,18005,3.470325084,3.4698504,
488,3.480222507,3.479164,0.014818058,18005,3.480438954,3.480006061,
489,3.480365097,3.479305,0.014954002,18005,3.48058353,3.480146665,
490,3.487015575,3.487102,0.01675167,18005,3.487260265,3.486770884,
491,3.440889679,3.442511,0.010959309,18005,3.441049761,3.440729597,
492,3.434667228,3.437179,0.009811566,18005,3.434810546,3.434523911,
493,3.434656827,3.436903,0.009834218,18005,3.434800475,3.434513179,
494,3.437631161,3.4373,0.016200636,18005,3.437867803,3.437394519,
495,3.484605365,3.484375,0.017023434,18005,3.484854025,3.484356704,
496,3.452259218,3.452143,0.003788093,18005,3.452314551,3.452203886,
497,3.45237105,3.452121,0.003842414,18005,3.452427176,3.452314924,
498,3.452844979,3.452698,0.007015527,18005,3.452947454,3.452742503,
499,3.452621991,3.453124,0.009744374,18005,3.452764326,3.452479655,
500,3.452785582,3.452818,0.009937024,18005,3.452930731,3.452640432,
501,3.454614885,3.454195,0.011168599,18005,3.454778024,3.454451746,
502,3.46055132,3.460682,0.015589396,18005,3.460779034,3.460323607,
503,3.448834238,3.448024,0.010761853,18005,3.448991436,3.448677041,
504,3.448557819,3.447788,0.010881833,18005,3.448716769,3.448398868,
505,3.43846603,3.438642,0.016716627,18005,3.438710209,3.438221851,
506,3.437769545,3.438411,0.011299364,18005,3.437934594,3.437604496,
507,3.437679289,3.438519,0.011421149,18005,3.437846117,3.437512461,
508,3.442438365,3.444187,0.009882868,18005,3.442582724,3.442294007,
509,3.43925432,3.438926,0.019526666,18005,3.439539545,3.438969095,
510,3.450863082,3.450557,0.029421843,18005,3.451292845,3.450433319,
511,3.448012209,3.448196,0.033856178,18005,3.448506744,3.447517673,
512,3.45966761,3.460498,0.010907641,18005,3.459826937,3.459508282,
513,3.459997957,3.460136,0.010005478,18005,3.460144107,3.459851808,
514,3.459902244,3.460293,0.009979538,18005,3.460048015,3.459756474,
515,3.454161529,3.454486,0.017690188,18005,3.454419928,3.453903129,
516,3.443672117,3.44386,0.046580643,18005,3.444352518,3.442991716,
517,3.434912759,3.435183,0.032677111,18005,3.435390072,3.434435447,
518,3.446992703,3.446572,0.023150543,18005,3.447330862,3.446654544,
519,3.452238061,3.450886,0.015038841,18005,3.452457733,3.45201839,
520,3.452846255,3.450881,0.014733472,18005,3.453061466,3.452631044,
521,3.453435874,3.454111,0.018860811,18005,3.453711372,3.453160375,
522,3.450389085,3.450349,0.01417539,18005,3.450596144,3.450182026,
523,3.450118146,3.450726,0.014026195,18005,3.450323026,3.449913266,
524,3.449071399,3.449231,0.013227316,18005,3.449264609,3.448878188,
525,3.433825232,3.433464,0.01002886,18005,3.433971723,3.433678741,
526,3.433547309,3.433436,0.009925617,18005,3.433692292,3.433402326,
527,3.43493862,3.435136,0.010604672,18005,3.435093522,3.434783718,
528,3.43528621,3.436028,0.010728912,18005,3.435442927,3.435129493,
529,3.449020203,3.44925,0.013438431,18005,3.449216497,3.448823909,
530,3.442342516,3.442376,0.018638144,18005,3.442614763,3.44207027,
531,3.450516253,3.450914,0.014504128,18005,3.450728114,3.450304392,
532,3.453550922,3.454484,0.019290935,18005,3.453832704,3.453269141,
533,3.452945134,3.451003,0.014905445,18005,3.453162857,3.452727411,
534,3.435364437,3.435067,0.026206879,18005,3.43574724,3.434981635,
535,3.446212413,3.446468,0.026236571,18005,3.446595649,3.445829176,
536,3.441520723,3.441114,0.028003934,18005,3.441929775,3.441111671,
537,3.434098009,3.433687,0.032831228,18005,3.434577573,3.433618445,
538,3.407832462,3.408284,0.022838695,18005,3.408166066,3.407498859,
539,3.408418407,3.408601,0.019906785,18005,3.408709184,3.40812763,
540,3.530178115,3.530202,0.038532503,18005,3.530740957,3.529615273,
541,3.520413501,3.519811,0.02954696,18005,3.520845092,3.51998191,
542,3.510370877,3.510087,0.024526764,18005,3.510729138,3.510012615,
543,3.508309049,3.508403,0.026175867,18005,3.508691399,3.5079267,
544,3.506953441,3.506302,0.027389723,18005,3.507353521,3.50655336,
545,3.502524504,3.51165,0.021017451,18005,3.502831505,3.502217503,
546,3.502423501,3.511625,0.021037616,18005,3.502730796,3.502116206,
547,3.595757726,3.595828,0.023394177,18005,3.596099444,3.595416009,
548,3.605173314,3.605902,0.015068907,18005,3.605393425,3.604953203,
549,3.605138515,3.606054,0.015000998,18005,3.605357634,3.604919397,
550,3.38906669,3.388149,0.075111626,18005,3.390163842,3.387969539,
551,3.402612932,3.40219,0.020633276,18005,3.402914321,3.402311543,Root of Lake Victoria
552,3.402807311,3.402492,0.020535921,18005,3.403107278,3.402507344,
553,3.40251078,3.402583,0.028445928,18005,3.402926288,3.402095272,
554,3.402979502,3.403416,0.036826824,18005,3.403517429,3.402441574,
555,3.415768618,3.415537,0.003299975,18005,3.41581682,3.415720415,
556,3.414642484,3.414889,0.004262751,18005,3.414704749,3.414580218,
557,3.413695694,3.414026,0.004721153,18005,3.413764656,3.413626732,
558,3.413466798,3.413236,0.005204497,18005,3.41354282,3.413390776,
559,3.413724129,3.414,0.004862396,18005,3.413795154,3.413653105,
560,3.406409071,3.406201,0.009698109,18005,3.406550731,3.406267412,
561,3.416151303,3.41693,0.007902268,18005,3.416266731,3.416035875,
562,3.409253914,3.409363,0.0095196,18005,3.409392966,3.409114862,
563,3.416140345,3.416811,0.007930482,18005,3.416256185,3.416024504,
564,3.415903049,3.415396,0.003211696,18005,3.415949962,3.415856135,
565,3.434207677,3.434844,0.0094949,18005,3.434346369,3.434068986,
566,3.447822695,3.447535,0.005112825,18005,3.447897378,3.447748012,
567,3.416018447,3.415788,0.003316364,18005,3.416066889,3.415970005,
568,3.416057663,3.415554,0.003289261,18005,3.416105709,3.416009617,
569,3.400747752,3.399297,0.031115454,18005,3.401202254,3.400293251,
570,3.40015144,3.399367,0.031001728,18005,3.40060428,3.399698599,
571,3.379718095,3.380609,0.024419048,18005,3.380074783,3.379361408,
572,3.379653656,3.38075,0.024523526,18005,3.38001187,3.379295442,
573,3.436028319,3.435938,0.001339691,18005,3.436047888,3.43600875,
574,3.378337887,3.377252,0.0805525,18005,3.379514513,3.37716126,
575,3.369092223,3.368391,0.052537072,18005,3.369859629,3.368324817,
576,3.403942345,3.401255,0.085732977,18005,3.405194642,3.402690048,
577,3.422836183,3.428253,0.072463585,18005,3.423894654,3.421777711,
578,3.438351985,3.439705,0.058609146,18005,3.439208086,3.437495884,
579,3.438285673,3.43913,0.051454696,18005,3.439037269,3.437534077,
580,3.438153732,3.438032,0.047199568,18005,3.438843173,3.43746429,
581,3.436471927,3.435198,0.045457885,18005,3.437135928,3.435807926,
582,3.430855074,3.431728,0.0469304,18005,3.431540584,3.430169564,
583,3.428627255,3.429474,0.043684528,18005,3.429265353,3.427989158,
584,3.423425734,3.423888,0.050839831,18005,3.424168349,3.42268312,
585,3.423307942,3.423205,0.051448334,18005,3.424059446,3.422556439,
586,3.425349969,3.425174,0.055458189,18005,3.426160044,3.424539894,
587,3.415887911,3.416955,0.058947229,18005,3.41674895,3.415026872,
588,3.429024883,3.428776,0.043867248,18005,3.429665649,3.428384116,
589,3.45068632,3.449939,0.062236758,18005,3.451595409,3.449777231,
590,3.453080843,3.45095,0.068956131,18005,3.454088082,3.452073605,
591,3.448324919,3.447958,0.062372725,18005,3.449235995,3.447413844,
592,3.474696468,3.478065,0.07014307,18005,3.475721044,3.473671892,
593,3.450327788,3.450015,0.067000589,18005,3.451306462,3.449349114,
594,3.414645619,3.418007,0.074944722,18005,3.415740332,3.413550905,
595,3.407585155,3.411976,0.086538554,18005,3.408849219,3.406321091,
596,3.408721068,3.412184,0.084896994,18005,3.409961154,3.407480982,
597,3.399716578,3.400743,0.082288383,18005,3.40091856,3.398514596,
598,3.40075016,3.398372,0.086580676,18005,3.402014839,3.39948548,
599,3.461898909,3.465215,0.066351969,18005,3.462868109,3.460929709,
600,3.463534845,3.465869,0.065146885,18005,3.464486442,3.462583248,
601,3.455231708,3.454907,0.040770145,18005,3.455827235,3.45463618,
602,3.455102621,3.454921,0.039404165,18005,3.455678196,3.454527046,
603,3.448747019,3.4478,0.034186842,18005,3.449246384,3.448247653,
604,3.448574271,3.447888,0.03440672,18005,3.449076848,3.448071694,
605,3.487120945,3.485266,0.058070583,18005,3.487969179,3.486272711,
606,3.491835087,3.492022,0.05640948,18005,3.492659057,3.491011116,
607,3.493950659,3.493554,0.061106055,18005,3.494843232,3.493058086,
608,3.494679748,3.495539,0.058259375,18005,3.495530739,3.493828756,
609,3.493436667,3.492622,0.059826287,18005,3.494310547,3.492562788,
610,3.493584681,3.490865,0.060379647,18005,3.494466643,3.492702718,
611,3.39615926,3.396732,0.082962291,18005,3.397371086,3.394947434,
612,3.436708735,3.437301,0.057323333,18005,3.437546054,3.435871416,
613,3.392149722,3.39336,0.071590991,18005,3.393195448,3.391103996,
614,3.356635726,3.352823,0.111717729,18005,3.358267581,3.35500387,
615,3.372721086,3.372689,0.041660128,18005,3.373329614,3.372112559,
616,3.408805406,3.412786,0.117411727,18005,3.410520433,3.407090378,
617,3.395052093,3.395536,0.047990445,18005,3.395753087,3.3943511,
618,3.381531593,3.379667,0.028822948,18005,3.381952608,3.381110578,
619,3.381571949,3.380798,0.028919809,18005,3.381994379,3.381149518,
620,3.395795393,3.397239,0.090122058,18005,3.397111801,3.394478984,
621,3.381460837,3.378991,0.028978407,18005,3.381884123,3.381037551,
622,3.46904023,3.47201,0.102769124,18005,3.470541373,3.467539087,
623,3.522997676,3.526183,0.085733379,18005,3.524249979,3.521745373,
624,3.524045646,3.525313,0.085756312,18005,3.525298284,3.522793008,
625,3.537919397,3.539401,0.085816229,18005,3.53917291,3.536665884,
626,3.528526178,3.528324,0.071554193,18005,3.529571366,3.527480989,
627,3.532396554,3.53279,0.074825549,18005,3.533489527,3.531303581,
628,3.541740903,3.541716,0.047157137,18005,3.542429725,3.541052081,
629,3.545006982,3.545233,0.041489728,18005,3.54561302,3.544400944,
630,3.555042207,3.555005,0.045280006,18005,3.55570361,3.554380805,
631,3.562105248,3.561954,0.047815516,18005,3.562803687,3.561406809,
632,3.564401738,3.564139,0.04988154,18005,3.565130355,3.563673121,
633,3.562871905,3.563719,0.052560791,18005,3.563639658,3.562104153,
634,3.544955798,3.545101,0.041673995,18005,3.545564528,3.544347068,
635,3.532896112,3.533802,0.071171719,18005,3.533935714,3.53185651,
636,3.52427498,3.526369,0.06410216,18005,3.525211317,3.523338643,
637,3.517109551,3.518372,0.056035874,18005,3.517928064,3.516291038,
638,3.50140274,3.501999,0.047187651,18005,3.502092007,3.500713472,
639,3.524063467,3.523794,0.068762591,18005,3.525067879,3.523059056,
640,3.527065737,3.528958,0.067951035,18005,3.528058294,3.526073179,
641,3.538320409,3.538408,0.067470641,18005,3.539305949,3.537334869,
642,3.539277768,3.541196,0.067125933,18005,3.540258273,3.538297263,
643,3.539485894,3.539199,0.067749421,18005,3.540475507,3.538496282,
644,3.517411366,3.51571,0.02128644,18005,3.517722296,3.517100436,
645,3.517329089,3.51618,0.02130202,18005,3.517640247,3.517017932,
646,3.528588086,3.528692,0.069341074,18005,3.529600948,3.527575225,
647,3.530791591,3.531942,0.066213789,18005,3.531758772,3.52982441,
648,3.516219069,3.516654,0.064265452,18005,3.517157791,3.515280346,
649,3.493732281,3.493452,0.080468397,18005,3.494907679,3.492556884,
650,3.489305131,3.48725,0.072215178,18005,3.490359975,3.488250288,
651,3.502450446,3.504724,0.066939619,18005,3.503428229,3.501472662,
652,3.502170063,3.504257,0.066489246,18005,3.503141268,3.501198858,
653,3.478916104,3.480676,0.069405286,18005,3.479929904,3.477902305,
654,3.476819174,3.477874,0.065596593,18005,3.47777734,3.475861008,
655,3.47016043,3.469426,0.066555583,18005,3.471132604,3.469188256,
656,3.449983722,3.451039,0.050680099,18005,3.450724003,3.44924344,
657,3.508298562,3.508911,0.065832198,18005,3.50926017,3.507336955,
658,3.509434069,3.510092,0.06644938,18005,3.510404692,3.508463446,
659,3.530278838,3.529824,0.064060978,18005,3.531214573,3.529343102,
660,3.549078153,3.55094,0.088797608,18005,3.550375215,3.547781091,
661,3.550048422,3.550688,0.089064252,18005,3.551349379,3.548747465,
662,3.53982814,3.540755,0.068227818,18005,3.54082474,3.538831539,
663,3.545817025,3.550136,0.027153313,18005,3.546213652,3.545420398,
664,3.545950288,3.549824,0.027318757,18005,3.546349332,3.545551245,
665,3.542314779,3.543368,0.040416768,18005,3.542905145,3.541724413,
666,3.530793375,3.530622,0.062378029,18005,3.531704527,3.529882222,
667,3.539856299,3.540186,0.059634,18005,3.54072737,3.538985229,
668,3.60545016,3.603225,0.049332049,18005,3.606170751,3.604729569,
669,3.599403373,3.600101,0.039475342,18005,3.599979987,3.598826758,
670,3.592584017,3.592064,0.030039467,18005,3.593022802,3.592145232,
671,3.582039205,3.586152,0.095400841,18005,3.58343272,3.580645689,
672,3.610530238,3.611188,0.077468686,18005,3.61166182,3.609398657,
673,3.614214415,3.616636,0.066760043,18005,3.615189576,3.613239255,
674,3.620599444,3.621346,0.064533537,18005,3.621542082,3.619656806,
675,3.601220357,3.602392,0.049327062,18005,3.601940875,3.600499839,
676,3.572419668,3.570564,0.064458782,18005,3.573361214,3.571478122,
677,3.446117514,3.449289,0.136141063,18005,3.44810612,3.444128909,
678,3.48741004,3.486574,0.078686742,18005,3.488559413,3.486260667,
679,3.499778159,3.499783,0.076864603,18005,3.500900917,3.498655402,
680,3.510706635,3.50994,0.047999584,18005,3.511407763,3.510005508,
681,3.511691788,3.510217,0.048209485,18005,3.512395981,3.510987594,
682,3.515916742,3.515331,0.046299331,18005,3.516593034,3.51524045,
683,3.516547508,3.515507,0.045381791,18005,3.517210397,3.515884618,
684,3.518561612,3.517498,0.041515739,18005,3.51916803,3.517955194,
685,3.527562014,3.527631,0.026795242,18005,3.527953411,3.527170617,
686,3.5100098,3.511269,0.063418253,18005,3.510936147,3.509083453,
687,3.498721463,3.499686,0.066649812,18005,3.499695014,3.497747913,
688,3.499502652,3.49978,0.069541857,18005,3.500518446,3.498486857,
689,3.509605587,3.511038,0.073243499,18005,3.510675451,3.508535723,
690,3.52758476,3.526417,0.026901064,18005,3.527977702,3.527191817,
691,3.477052849,3.475932,0.05718332,18005,3.477888123,3.476217576,
692,3.500601912,3.500228,0.069169498,18005,3.501612267,3.499591556,
693,3.457646651,3.456532,0.081929538,18005,3.458843392,3.456449911,
694,3.51704106,3.516731,0.055938608,18005,3.517858153,3.516223968,
695,3.516777658,3.51381,0.055412799,18005,3.51758707,3.515968246,
696,3.52358452,3.525189,0.06894126,18005,3.524591541,3.522577498,
697,3.534927718,3.534642,0.069529852,18005,3.535943337,3.533912099,
698,3.519536759,3.519964,0.067985189,18005,3.520529815,3.518543703,
699,3.503207753,3.502533,0.03066538,18005,3.50365568,3.502759825,
700,3.503175705,3.503008,0.030719564,18005,3.503624424,3.502726986,
701,3.50864731,3.504855,0.077632387,18005,3.509781282,3.507513338,
702,3.514260883,3.514751,0.07629651,18005,3.515375342,3.513146424,
703,3.5129735,3.508798,0.06463068,18005,3.513917557,3.512029443,
704,3.513577125,3.509704,0.065366496,18005,3.51453193,3.51262232,
705,3.520009901,3.519715,0.06312777,18005,3.520932005,3.519087797,
706,3.508545274,3.50616,0.063398,18005,3.509471325,3.507619223,
707,3.517963612,3.515686,0.077046554,18005,3.519089027,3.516838197,
708,3.508784191,3.508962,0.048847783,18005,3.509497708,3.508070674,
709,3.478160128,3.47754,0.083014085,18005,3.47937271,3.476947545,
710,3.47355277,3.472889,0.062652236,18005,3.474467928,3.472637612,
711,3.470026372,3.470535,0.061246373,18005,3.470920994,3.469131749,
712,3.470527345,3.471288,0.049503338,18005,3.471250438,3.469804252,
713,3.476725645,3.477788,0.056913499,18005,3.477556977,3.475894312,
714,3.475689406,3.474723,0.052114768,18005,3.476450643,3.474928168,
715,3.515960929,3.516902,0.044878781,18005,3.516616471,3.515305387,
716,3.516034756,3.516738,0.045180819,18005,3.51669471,3.515374802,
717,3.517501595,3.515204,0.064387738,18005,3.518442103,3.516561087,
718,3.519444944,3.517999,0.080413283,18005,3.520619537,3.518270351,
719,3.504605794,3.50095,0.087286424,18005,3.505880782,3.503330805,
720,3.505742094,3.504442,0.097766942,18005,3.507170171,3.504314017,
721,3.483332006,3.481515,0.073200174,18005,3.484401237,3.482262775,
722,3.471458368,3.468506,0.061145506,18005,3.472351517,3.470565218,
723,3.468205981,3.466118,0.058956378,18005,3.469067154,3.467344808,
724,3.443233499,3.446123,0.076456502,18005,3.444350295,3.442116703,
725,3.453857465,3.453154,0.057117133,18005,3.454691772,3.453023158,
726,3.461486813,3.462278,0.06545248,18005,3.462442874,3.460530752,
727,3.462352089,3.463236,0.065819459,18005,3.46331351,3.461390667,
728,3.529076674,3.528543,0.053567414,18005,3.529859131,3.528294218,
729,3.525969184,3.520772,0.035122537,18005,3.526482217,3.52545615,
730,3.521390621,3.525072,0.02461438,18005,3.521750162,3.52103108,
731,3.512148202,3.513548,0.02926395,18005,3.512575659,3.511720745,
732,3.52160077,3.526303,0.024666065,18005,3.521961066,3.521240474,
733,3.526114113,3.520881,0.035214713,18005,3.526628493,3.525599734,
734,3.526280188,3.523177,0.038342309,18005,3.526840252,3.525720124,
735,3.530541816,3.52934,0.042873887,18005,3.531168073,3.529915559,
736,3.561240875,3.562089,0.049912764,18005,3.561969948,3.560511802,
737,3.439549992,3.439005,0.064239248,18005,3.440488332,3.438611653,
738,3.452766801,3.448734,0.055996319,18005,3.453584736,3.451948865,
739,3.452753475,3.448059,0.055962187,18005,3.453570912,3.451936038,
740,3.439020438,3.443477,0.080580948,18005,3.44019748,3.437843396,
741,3.400156347,3.395402,0.088873774,18005,3.401454522,3.398858173,
742,3.463535841,3.461833,0.048359647,18005,3.464242228,3.462829454,
743,3.462143049,3.461559,0.060721212,18005,3.463030001,3.461256098,
744,3.449267745,3.450615,0.094762518,18005,3.450651936,3.447883553,
745,3.461766561,3.459215,0.073635387,18005,3.462842149,3.460690973,
746,3.463620169,3.462372,0.048401565,18005,3.464327168,3.462913169,
747,3.434586218,3.430608,0.107226709,18005,3.436152473,3.433019963,
748,3.4889253,3.490975,0.078726378,18005,3.490075252,3.487775348,
749,3.438456321,3.434278,0.098066132,18005,3.439888768,3.437023874,
750,3.429179726,3.424942,0.094679874,18005,3.43056271,3.427796741,
751,3.423622556,3.420287,0.100899352,18005,3.425096388,3.422148725,
752,3.402871351,3.406859,0.136340885,18005,3.404862876,3.400879827,
753,3.278899329,3.279774,0.090203162,18005,3.280216922,3.277581736,
754,3.412944052,3.41539,0.087386369,18005,3.4142205,3.411667603,
755,3.411573743,3.414185,0.085642303,18005,3.412824716,3.41032277,
756,3.40555032,3.403631,0.087830529,18005,3.406833256,3.404267384,
757,3.405356431,3.402404,0.089002533,18005,3.406656487,3.404056376,
758,3.408267156,3.406591,0.084984738,18005,3.409508523,3.407025788,
759,3.407392168,3.40537,0.106268287,18005,3.408944424,3.405839913,
760,3.434611575,3.430161,0.102662515,18005,3.436111161,3.433111989,
761,3.479881719,3.485485,0.127893908,18005,3.481749858,3.478013579,
762,3.483939441,3.489563,0.132261129,18005,3.485871373,3.48200751,
763,3.474728318,3.480763,0.127008286,18005,3.476583522,3.472873115,
764,3.477186206,3.482024,0.12889794,18005,3.479069012,3.475303401,
765,3.517798032,3.515965,0.128837764,18005,3.519679959,3.515916106,
766,3.55564476,3.553814,0.110173952,18005,3.557254066,3.554035455,
767,3.577974906,3.570458,0.094860097,18005,3.579360523,3.57658929,
768,3.57522931,3.571729,0.088609593,18005,3.576523626,3.573934995,
769,3.581101334,3.583239,0.076621534,18005,3.582220541,3.579982127,
770,3.591429911,3.590483,0.09620345,18005,3.59283515,3.590024672,
771,3.557690938,3.555024,0.105225969,18005,3.559227968,3.556153907,
772,3.553495274,3.552877,0.030811264,18005,3.553945333,3.553045216,
773,3.431131055,3.435803,0.129858929,18005,3.433027897,3.429234212,
774,3.417719872,3.416147,0.097744979,18005,3.419147628,3.416292116,
775,3.405539678,3.404894,0.084151417,18005,3.406768874,3.404310483,
776,3.397158912,3.396141,0.073601266,18005,3.398234002,3.396083822,
777,3.389067212,3.389723,0.071223914,18005,3.390107576,3.388026848,
778,3.392021536,3.391031,0.076424494,18005,3.393137865,3.390905207,
779,3.319148935,3.318607,0.154939907,18005,3.321412134,3.316885735,
780,3.312283944,3.317026,0.162749296,18005,3.314661215,3.309906674,
781,3.348149962,3.356875,0.128916969,18005,3.350033046,3.346266878,
782,3.355327685,3.357809,0.115271514,18005,3.35701145,3.35364392,
783,3.352421796,3.358899,0.11509109,18005,3.354102926,3.350740666,
784,3.377529475,3.375921,0.14356539,18005,3.379626528,3.375432423,
785,3.384243624,3.378914,0.132874196,18005,3.386184511,3.382302737,
786,3.381562413,3.381868,0.118261711,18005,3.383289856,3.37983497,
787,3.383069311,3.382861,0.098047204,18005,3.384501482,3.381637141,
788,3.383602091,3.384878,0.098091691,18005,3.385034911,3.38216927,
789,3.361685933,3.369625,0.03967265,18005,3.36226543,3.361106437,
790,3.36172802,3.370241,0.039787748,18005,3.362309197,3.361146842,
791,3.380318663,3.378156,0.098192246,18005,3.381752952,3.378884374,
792,3.334215531,3.334075,0.024551922,18005,3.33457416,3.333856902,
793,3.380078179,3.382424,0.148472808,18005,3.382246914,3.377909445,
794,3.410005739,3.414044,0.158433906,18005,3.412319975,3.407691503,
795,3.387051849,3.388477,0.100524658,18005,3.388520208,3.385583491,
796,3.368444784,3.369438,0.054660666,18005,3.369243209,3.367646358,
797,3.330935343,3.328826,0.156709538,18005,3.333224391,3.328646295,
798,3.322775783,3.31953,0.210144155,18005,3.325845348,3.319706218,
799,3.261320998,3.253606,0.178119061,18005,3.263922774,3.258719222,
800,3.340759447,3.345843,0.144135813,18005,3.342864832,3.338654063,
801,3.346847778,3.350673,0.141416806,18005,3.348913446,3.34478211,
802,3.346645615,3.348008,0.118981505,18005,3.348383572,3.344907658,
803,3.337951346,3.341862,0.119943894,18005,3.33970336,3.336199331,
804,3.319328075,3.321743,0.15067173,18005,3.32152893,3.317127221,
805,3.314200726,3.309952,0.143167693,18005,3.316291969,3.312109483,
806,3.336518182,3.334258,0.066740086,18005,3.337493051,3.335543313,
807,3.335214409,3.332837,0.066613936,18005,3.336187435,3.334241382,
808,3.319148075,3.319663,0.064978646,18005,3.320097214,3.318198935,
809,3.34722721,3.346664,0.048203937,18005,3.347931322,3.346523097,
810,3.338122715,3.337009,0.068389667,18005,3.339121679,3.33712375,
811,3.32149505,3.321518,0.126204451,18005,3.323338512,3.319651588,
812,3.261727669,3.268275,0.132365448,18005,3.263661125,3.259794214,
813,3.350435866,3.351469,0.127403313,18005,3.35229684,3.348574892,
814,3.344200783,3.337612,0.132843235,18005,3.346141218,3.342260349,
815,3.487743944,3.491139,0.102706667,18005,3.489244175,3.486243713,
816,3.491061811,3.488077,0.098436926,18005,3.492499674,3.489623948,
817,3.509527618,3.510652,0.040536382,18005,3.510119731,3.508935505,
818,3.492217981,3.496113,0.103894866,18005,3.493735568,3.490700394,
819,3.265209539,3.265012,0.169875193,18005,3.267690897,3.262728181,
820,3.263280628,3.265638,0.174866398,18005,3.265834892,3.260726363,
821,3.383503668,3.37803,0.102936481,18005,3.385007256,3.38200008,
822,3.374229926,3.37239,0.165134012,18005,3.37664203,3.371817822,
823,3.374057915,3.37679,0.110362949,18005,3.375669981,3.372445849,
824,3.373750823,3.372835,0.098807176,18005,3.375194094,3.372307551,
825,3.37410201,3.37379,0.092461803,18005,3.375452595,3.372751425,
826,3.372964493,3.374153,0.051253449,18005,3.37371315,3.372215837,
827,3.387712623,3.383501,0.088765839,18005,3.389009221,3.386416025,
828,3.385359145,3.383928,0.065303847,18005,3.386313035,3.384405255,
829,3.383456899,3.378023,0.102897591,18005,3.384959919,3.381953879,