"","all_species_data_tree_edges","pic.total.all","pic.precaudal.all","pic.caudal.all","pic.ln.pc.ln.c.all","pic.aspect.ratio.all","pic.ant.aspect.ratio.all","pic.post.aspect.ratio.all"
"430",430,0.005679993272143,0.00392235189080674,0.00678135516973024,-0.00285900327892285,0.0168526469934719,-0.000546427744734581,0.0253755956098514
"431",431,-0.0108571644602773,-0.0100226976903275,-0.0125881613319709,0.00256546364164354,0.00421862399447048,-0.00587401041254785,0.00807891900393759
"432",432,0.00306706881219342,0.00939922772842152,-0.00257521764838225,0.0119744453768036,-0.0517793260302425,-0.0450695876396117,-0.0535459478531446
"433",433,0.0174944192509621,0.0247433226051042,0.0107624579687212,0.0139808646363827,0.0193323606336418,0.0196070843687479,0.0206676028857292
"434",434,0.00984474655210913,-0.00120108762927625,0.0192580655934408,-0.0204591532227167,0.0302821365299494,0.0195541928517626,0.0335450500451696
"435",435,0.0186314201156389,-0.00190389603839586,0.036815847489019,-0.0387197435274157,0.0792549162228283,0.0735103319603437,0.0772782975764868
"436",436,0.0181615580106402,0.000816641998036385,0.0332740440142718,-0.0324574020162362,0.0690157732477695,0.0430896009701725,0.081279638386347
"437",437,0.00205137890675853,-0.0162759148683449,0.0183637101523973,-0.0346396250207422,-0.0323551133889293,-0.0220319962412789,-0.0359985449095573
"438",438,-0.00737702692728736,0.00333235441524525,-0.0153935112122875,0.0187258656275326,-0.0199033860173113,-0.0163365009097857,-0.0188910292702189
"439",439,-0.0338760664164708,-0.044811467694384,-0.0243945121446171,-0.0204169555497666,-0.0196238709602129,-0.0178441398690435,-0.0188044771552516
"440",440,0.0019058972519368,-0.00575441843946686,0.00737862360279988,-0.0131330420422666,0.00247858378109007,-0.00592550890677799,0.00358053819368326
"441",441,-0.00592772135464738,0.0085937468294135,-0.0172875791929715,0.0258813260223854,-0.0599988205272196,-0.0354369768310114,-0.0689683686885733
"442",442,0.0098863376510892,0.0282891404159654,-0.00480178364846461,0.0330909240644288,-0.00912356863756515,-0.0294179513469265,0.000786651399675631
"443",443,0.0114399402829858,0.0207757813040043,0.00357323101057141,0.0172025502934332,-0.0404047142124096,-0.0466693858907565,-0.0304845813055784
"444",444,-0.0111495742901256,-0.0446062115049109,0.0170076817194871,-0.0616138932243989,0.0418677424940553,0.0287380499902775,0.0365865613093452
"445",445,0.00133568668032884,0.00717408476814315,-0.00338895132912062,0.0105630360972638,0.0158786088991908,0.0147585262962344,0.0170227016038702
"446",446,0.0310353975647226,0.0415719307181776,0.0224565562270393,0.0191153744911384,0.0396720442094182,0.0432361010448976,0.0383577926657304
"447",447,-0.0884398410538353,-0.106815208144005,-0.073258260723372,-0.0335569474206343,-0.164671145556537,-0.178497727097261,-0.145667771007949
"448",448,0.0258964843225345,-0.00764981366860316,0.0516884226589564,-0.0593382363275594,-0.0359315791821491,-0.00388720076309564,-0.0597208742709731
"449",449,0.0172511751151202,0.0524578173693298,-0.00797326170203764,0.0604310790713647,0.0817314622191515,-0.00853412544975048,0.114196160361991
"450",450,-0.0463339421377819,-0.0194002451125852,-0.0681456118905854,0.0487453667779994,0.112517077211683,0.16285933136263,0.101282614210379
"451",451,0.016613281562789,-0.00063690642479566,0.0301064092075691,-0.0307433156323616,-0.11058885452735,-0.0579871348693085,-0.12220090608599
"452",452,0.013540912675565,-0.0199282210144784,0.039117062216541,-0.0590452832310206,0.0315567105653016,-0.0240575377316935,0.0547787768885174
"453",453,0.0203673317452377,0.00970267604493964,0.0257928609015905,-0.0160901848566413,0.219998336771402,0.253982921310908,0.202596617450067
"454",454,0.125363744062998,0.221749523993491,0.0577528613958271,0.163996662597657,0.191440555282539,0.165230626205404,0.209550171841311
"455",455,0.00465828388826438,0.0400894122748153,-0.0242378537528929,0.0643272660277147,0.0104804743323334,-0.0809062624209676,-0.0211295700972457
"456",456,0.000264606464370456,0.0242857884184917,-0.0192258694217362,0.0435116578402124,-0.166146882947105,-0.029748876751447,-0.225354463546312
"457",457,-0.031071921462863,-0.106037545881299,0.0286484213300111,-0.13468596721131,0.03482801776444,0.174601556854422,-0.0154975756651794
"458",458,-0.0517169145720697,-0.0886713903907276,-0.0222810883712662,-0.0663903020194703,0.0434093625472281,0.173268719034409,-0.00907781534323361
"459",459,-0.0216714148905532,0.0388339191853067,-0.0669774724891145,0.105811391674425,-0.310296015312183,-0.50153364661375,-0.209083432885151
"460",460,0.0754891382082252,0.0680346454796524,0.0803244318224237,-0.0122897863427654,0.244979120226178,0.0680251916582741,0.301271573601355
"461",461,-0.119079515087981,-0.242982447380234,-0.0246889202955116,-0.218293527084728,-0.0228001765539482,0.300158634389789,-0.161817878242083
"462",462,0.0312611493885513,0.121265042587562,-0.032025290459025,0.153290333046591,0.168620899226805,0.147908400807112,0.162430723613465
"463",463,0.0017390626822216,-0.0239534133345359,0.0198266520080338,-0.0437800653425621,0.241454354372885,0.1476439795946,0.270097392884669
"464",464,0.126316685060998,0.0769356510814263,0.165227700124267,-0.0882920490428497,0.290448609776226,0.13426996068253,0.363900128925159
"465",465,0.0707898069115991,0.112465981208115,0.0410261063326975,0.0714398748754225,0.353095180087522,0.104561489431292,0.452557036180512
"466",466,0,0,0,0,0.0530346201467327,0.138041568621335,0.0155383460447332
"467",467,-0.0379912663395771,-0.0693749329192728,-0.0151732941930124,-0.0542016387262675,-0.182447631002861,-0.290928612659289,-0.153719436094379
"468",468,-0.0389970067996921,0.00373404013958583,-0.0673658975070115,0.0710999376466018,-0.144957984856412,-0.314152056682852,-0.0630008202969956
"469",469,0.0469649385100295,0.106403029306547,0.00242590134121506,0.10397712796534,-0.124284640952024,-0.421046204137979,0.0143517201850509
"470",470,-0.00339425593938175,0,-0.00596386398635801,0.0059638639863438,-0.259260609095144,-0.230253982604455,-0.272061995550173
"471",471,-0.00583490313535235,0.00745390465088917,-0.0169311861172476,0.0243850907681403,-0.0764209807093378,-0.10104698554848,-0.0615089481050953
"472",472,0.0122215614843754,0.0386846264089151,-0.00708741657698822,0.0457720429858857,-0.0307669765607208,0.0375590515541646,-0.0478121625469382
"473",473,0.472016792290315,0,0.854877829851938,-0.854877829851872,-2.08438829803738,-4.19487163226953,-1.46837966143452
"474",474,0.025513377581855,-0.0589637005840103,0.0924154446011928,-0.151379145185189,0.152469499195541,0.096238789117751,0.16544769512986
"475",475,-0.00285601140500569,-0.0474723249604723,0.029944593340494,-0.0774169183009682,-0.221239881951231,-0.155801017739609,-0.222297637739235
"476",476,-0.0261075855434103,0.0630629904964655,-0.0932984121422497,0.156361402638721,-0.195987556058183,-0.23181512449535,-0.179244107244688
"477",477,-0.00640620275015777,-0.0838648882735757,0.0531384306533413,-0.137003318926921,-0.118659253940843,0.0740077800853028,-0.161823581217691
"478",478,0.0822415001251256,0.145435110880832,0.0364185111164016,0.109016599764425,-0.185520465843248,-0.26687629030094,-0.127828270236039
"479",479,0.0527971539229658,0,0.0899122028660641,-0.0899122028660579,0.275398057838329,0.26315678277493,0.246279414901052
"480",480,-0.0186913953343077,-0.017022896428847,-0.0205213291287122,0.00349843269985681,-0.0676521881022778,-0.119508639372547,-0.0576061426999602
"481",481,-0.00506774413859699,0.00675951656860189,-0.014337174448752,0.0210966910173573,0.00103970500130918,0.0314049951263724,-0.0059439176562837
"482",482,-0.0309071603392448,-0.0168846840323063,-0.0426204462334061,0.0257357622011152,-0.242750040930129,-0.350992537528172,-0.207591479995447
"483",483,0,-0.0246237253199884,0.017964820338261,-0.0425885456582483,-0.021490830188152,0.0580771493492547,-0.0526278837944611
"484",484,0.014316396860639,0.0805957942539863,-0.0377651188950056,0.118360913149,-0.136935053507561,-0.206018841338115,-0.0964295539933277
"485",485,0.0221817019037549,-0.0733584434027567,0.0945876120935503,-0.167946055496317,-0.076214928258834,0.174844235946291,-0.0786729500603836
"486",486,0.0555698600834927,0.235932102591816,-0.0768251205991691,0.312757223190989,0.185600380871809,0.139162583428215,0.200012968597802
"487",487,0.0204173470464739,0.0722603802142502,-0.0208664273248396,0.0931268075390861,0.0115471576624363,-0.0532710680842688,0.054468535531805
"488",488,-0.0575665160167898,-0.0264820341360442,-0.0827580929010451,0.0562760587649841,-0.183458457369919,-0.254425207503309,-0.142509999678064
"489",489,-0.0576149812833225,-0.07293384327452,-0.0458952023788861,-0.0270386408956362,0.029792032797167,0.109521237045855,-0.0472369175438666
"490",490,-0.0567116044106502,-0.0898831535091248,-0.0307551134915063,-0.0591280400176314,-0.321365186934733,-0.158085885476111,-0.413513438957137
"491",491,-0.000309088746428336,-0.0740876183730079,0.0504353323449938,-0.124522950717994,0.061359292608409,0.167998350297885,0.0154940128709958
"492",492,-0.050422420400253,-0.0186725483397969,-0.0763909156172039,0.0577183672774105,0.0739880566852893,0.0349715829874667,-0.00814512022685974
"493",493,0.239999077862888,0.179874893258669,0.290090757303874,-0.110215864045226,0.0146490122479508,-0.466607138842627,0.16554278513315
"494",494,-0.0538319464383451,-0.12172336047845,-0.00321926276196908,-0.118504097716474,-0.101473156240353,0.0329745217422574,-0.15936066021451
"495",495,-0.0550360163931625,-0.0198107966345812,-0.0794938900269317,0.0596830933923286,-0.317644861910046,-0.530474621836178,-0.210117750080335
"496",496,-0.0268633408290284,-0.14830745629002,0.0706438284453692,-0.218951284735388,0.123602962141739,0.204087205437891,0.125384358222876
"497",497,0.0903837874868425,0.0105252419654741,0.153512408387115,-0.142987166421646,0.100197293877308,-0.0134179224595602,0.137080639940268
"498",498,0.0444598986526998,0.155541837572223,-0.0396509389433955,0.19519277651562,0.457323833091636,0.247602538395635,0.549644740992998
"499",499,-0.0511545439851513,-0.123196463416,0,-0.123196463416002,0.0532758749614613,0.0210091201552873,0.068062283023107
"500",500,0.0586499153346197,0.18457329013224,-0.0405110477408084,0.225084337873058,-0.0581951387161153,-0.112829134195974,-0.0484052014401102
"501",501,0.00260856063639317,-0.0600138884612701,0.0552623380245145,-0.115276226485791,0.0438523208805048,0.0881059079782266,0.0357054532924899
"502",502,0.111141877628288,0.138185465496669,0.0860787515554931,0.05210671394118,-0.0524680748201831,-0.149708839910081,-0.0210018224813816
"503",503,0.0091867248581138,0.0141986889477237,0.00164854024250706,0.0125501487052285,-0.0249062590985877,0.0920678819348475,-0.0547733473770921
"504",504,-0.0751802915414713,-0.141705526936951,-0.0153828856840283,-0.126322641252935,0.123132323155203,0.174851440127869,0.0916297142218961
"505",505,-0.209099193862053,-0.273162546704741,-0.160376429066608,-0.112786117638138,-0.792704331655107,-0.522630535681413,-0.814147416304106
"506",506,0.0590220193151433,6.98849339527111e-16,0.102268783476168,-0.102268783476178,0.0221126883573106,-0.0235593394047583,0.139836365498546
"507",507,-0.0111510630442809,0,-0.0185112934475352,0.0185112934475291,-0.134926323840443,-0.141482561936192,-0.126565373641873
"508",508,-0.073120152113699,0,-0.125522773122086,0.125522773122086,0.110441944986996,0.200656816844861,0.239035929592504
"509",509,0.0402971007651581,0.00914466108551981,0.0652749933336795,-0.0561303322481717,0.235339930419765,0.268877751959302,0.217032980890587
"510",510,0.0490440050594532,-0.0115095201723776,0.0962296171642276,-0.107739137336611,-0.117687503480102,-0.23560865209321,-0.0203631925798581
"511",511,0.0571671443794662,0.0837555359918269,0.0366328461267411,0.0471226898650801,0.141295439255276,0.0996899381616583,0.138351504082066
"512",512,-0.0101517355453313,-0.0446832816063106,0.0151268581652588,-0.0598101397715661,-0.140995468778193,-0.102071472533192,-0.140006757655705
"513",513,0.107250602073667,0.145472031030372,0.0779297547836145,0.0675422762467582,-0.0854278649606656,-0.261063424593072,0.0329714324922498
"514",514,0.0319561214022078,0.0818837343546484,-0.00496170915192811,0.0868454435065787,0.148890021027779,0.244828341323662,0.122266498210253
"515",515,-0.0222814617604319,-0.0666094319419982,0.0130498514479638,-0.0796592833899687,0.0201818463560271,0.0587952576844517,0.0222464611627136
"516",516,-0.0422190826376743,0,-0.0741808723254136,0.0741808723254084,0.0819418563491341,0.102083046286161,0.132299954284229
"517",517,-0.0425767558624832,-0.0243076851635496,-0.0559735272843075,0.0316658421207523,0.0260424595076417,-0.0198617218836696,0.00684791334500371
"518",518,-0.015841558908238,0.0214820155530676,-0.0441833862822446,0.0656654018353178,-0.283829869178882,-0.260081235474158,-0.310025393293448
"519",519,0.032696541864932,0.0443382892392428,0.0227983235059256,0.0215399657333259,-0.155741589585449,-0.439411812684074,-0.0269074875110513
"520",520,0,-0.061706384647558,0.0475932476324627,-0.109299632280029,-0.062658901218367,0.0975140772611943,-0.131197681705247
"521",521,0,0.107063458614182,-0.0825765069095539,0.18963996552375,-0.084017440717364,-0.019580362046516,-0.109654183271748
"522",522,-0.0562811591989787,-0.150230386597882,0.018359097327333,-0.168589483925216,-0.017759954126964,0.158063648040445,-0.0750792444036206
"523",523,0.116033308374769,0.1400604423282,0.0984487487933763,0.0416116935348208,0.175213362663995,0.0975879525317312,0.185815358062413
"524",524,-0.0098803784640275,0.0432995637150412,-0.0524837672450856,0.0957833309601262,-0.0610773107673027,-0.0237472572238585,-0.0790150719237167
"525",525,0.0212785165701487,0.110017647199043,-0.0419522785916851,0.151969925790724,0.0350508543520695,-0.0665143262580076,0.0648933958519081
"526",526,0.0851927482353824,0.0985614698243199,0.0734230228530852,0.0251384469712271,0.154418582740581,0.0242211113876169,0.198766956500357
"527",527,-0.0628527938826026,-0.00618709713922698,-0.107679594947206,0.101492497807976,-0.326193285390134,-0.299968580500341,-0.349302457147997
"528",528,0.045106325908771,0.0351826233200891,0.0510934987124809,-0.0159108753923953,0.0735752899325588,-0.033217076685871,0.120033051654853
"529",529,0.0700262567679999,0.0358016838286849,0.098321165481473,-0.0625194816527927,0.00797573847446666,-0.332238791330269,0.145557077457892
"530",530,0.0163710662599799,0.0381414296845596,-0.00162809242566398,0.0397695221102278,-0.0108598662198898,-0.0490636585578008,0.0151903985416776
"531",531,0.0266051882893256,0.0654200123580977,-0.00577490856892338,0.0711949209270239,0.00301312317855933,0.0133062606088499,0.0223977919253843
"532",532,-0.00484735047079305,-0.0251846567795402,0.0140508977439289,-0.0392355545234698,0.0275867960051863,0.0710254037914303,0.0581019632406937
"533",533,0.0435681291858847,0.0012748101165589,0.0802458304391099,-0.0789710203225485,0.133972923075188,0.134169693333411,0.212465253386272
"534",534,0.0134561888064735,0.0426630243910861,-0.0121682317934718,0.0548312561845564,0.0492886960333493,-0.00737793860667639,-0.128888415069352
"535",535,-0.012648459654413,-0.00485193401771503,-0.0205208391275966,0.015668905109878,0.0648953079525997,0.0763574179269881,0.0522494428717696
"536",536,-0.0259820977234457,-0.0380007785530322,-0.0172242076331246,-0.0207765709199103,0.0733160472116161,0.0619288415782973,0.0632889896590718
"537",537,-0.00908603082564955,-0.00807012016811474,-0.0114373309946513,0.00336721082653831,-0.021952480015098,0.0927861369469142,-0.0840855144026799
"538",538,-0.0340556878943683,-0.120352965715589,0.0391147471319746,-0.15946771284757,-0.0700364442858095,-0.00213307545943165,-0.112683039998142
"539",539,-0.0200132312408595,0.11749712330035,-0.12888436498929,0.246381488289652,0.0750630358061233,0.325145235379206,-0.0353388385390591
"540",540,0.106261398404758,0.156508928763011,0.0630709161634863,0.0934380125995336,0.0200778992437436,-0.202769270322112,0.130431344411386
"541",541,-0.0304186934139194,-0.0743654781623739,0.00726061965635056,-0.081626097818717,-0.272905899525649,-0.267077978447283,-0.272805690253235
"542",542,0,-0.0430266473570467,0.037807880261138,-0.0808345276181903,-0.270814960064729,-0.248113035741514,-0.290850729629191
"543",543,-0.0237320337504047,0.0103782593491058,-0.0536739781723383,0.0640522375214344,-0.0508396653539166,-0.0856086685726643,-0.0407648971339934
"544",544,-0.0230870623997757,-0.100340663631407,0.0440850964335959,-0.144425760064994,-0.079970986961469,-0.0447325319687218,-0.102975867273696
"545",545,-0.0572433976012372,-0.0425554816731,-0.0704368855330116,0.0278814038599164,-0.194719342685323,-0.188612256682986,-0.196768675577189
"546",546,-0.0278518184657934,-0.060524589482331,0,-0.0605245894823329,-0.199377828597076,-0.170796287408522,-0.186201454508994
"547",547,0,0,0,0,-0.128391322803112,0.121120611267465,0.0352376252142944
"548",548,-0.0109260577218799,-0.0372888316177004,0.0133449346227203,-0.0506337662404269,-0.0590901417434687,-0.0174867400242027,-0.0694272690419824
"549",549,0.00412101328200039,-0.0429526991939806,0.0444014516834404,-0.0873541508774159,0.0951469345109558,0.195503591522898,0.0705239131240663
"550",550,-0.00315279849958593,0.0783457975050689,-0.0730081147047669,0.151353912209832,-0.193161238223376,-0.219887168094211,-0.175520347915244
"551",551,-0.000987392840166731,-0.0497798466112652,0.0386468640171889,-0.0884267106284539,-0.0077579574404414,-0.0039902247749639,0.0088385447787594
"552",552,0.0124920835409271,0,0.0217758932279122,-0.0217758932279169,0.0612468057587046,-0.020999863265217,0.161457196741763
"553",553,-0.0268809136334121,0,-0.0468581484611565,0.0468581484611651,-0.161323941686602,-0.176769258695555,-0.256267503083238
"554",554,-0.0706526433078079,-0.091065122362655,-0.0557529967636425,-0.0353121255990094,-0.244092250965409,-0.300243989137026,-0.221475532580217
"555",555,-0.0660422191484798,-0.144775844221796,-0.00210058831986168,-0.142675255901935,-0.185427201796538,-0.0002504718350332,-0.257292806965336
"556",556,-0.017194783776267,-0.135282196634284,0.0733929971119168,-0.208675193746205,-0.0687819475833938,0.0236542079867846,-0.10493416425158
"557",557,0.00838322878810169,0.104133187096743,-0.0609307928015618,0.165063979898309,0.144635414919932,0.196909693262128,0.127692201571988
"558",558,-0.0319388744673309,0.0400192987087779,-0.0866978722074719,0.126717170916261,-0.212769285106522,-0.274179387306101,-0.191936976907662
"559",559,-0.0614500326169166,-0.100578350271018,-0.0281500376966551,-0.0724283125743655,-0.132921563509058,-0.0620147906941172,-0.160618424638294
"560",560,0.0547922270128494,0,0.100525167267203,-0.100525167267207,0.0565590866545591,0.0370957440200048,0.066197285238672
"561",561,0.0252089812532617,0.0586722901893673,-0.00219151523463963,0.060863805424002,0.148736526138443,0.090627320588339,0.175406845043305
"562",562,-0.0498770233768269,-0.0327711271353772,-0.0647304371010908,0.0319593099657042,-0.0965690048935674,-0.108998498798453,-0.0917001790650486
"563",563,0.0168373500405189,-0.0114022659827364,0.0426779866957273,-0.0540802526784632,0.0200777372190544,0.110064802736104,-0.0281034054221098
"564",564,0.0144395919085104,0.0059206557067676,0.0209762008243451,-0.0150555451175779,0.0159074238947277,0.0202864761235085,0.0119508467324081
"565",565,0.0206170580780806,0.00994521682962183,0.0284918132587828,-0.0185465964291624,0.0426570088428765,0.030015846977581,0.0471669410474079
"566",566,0.000599406502436363,0.00265772639143588,-0.00110733949493534,0.00376506588637054,-0.0213252563168367,-0.0434299137504045,-0.0143392144274531
"567",567,0.00259503256002497,-0.0149635620513559,0.0155673482145895,-0.0305309102659477,-0.0507969380825647,-0.0571481470272961,-0.0493870503269542
"568",568,0.0141469017917589,0.0200178453943939,0.00983858079278072,0.0101792646016148,0.051993438009151,0.049987427186311,0.0508882643332614
"569",569,-0.13113938513082,0.0670300753479287,-0.276184391679871,0.343214467027797,-0.837844562368793,-1.18746459704697,-0.705288433225165
"570",570,-0.00102302772669092,-0.00789173675439011,0.0018076649067462,-0.00969940166113985,-0.0368462847236761,-0.225053142493305,0.064997053452651
"571",571,-0.0459090663146938,-0.0537426857104823,-0.0437829872729417,-0.0099596984375406,-0.207752932778327,-0.234297880763018,-0.220076895821224
"572",572,0.000468538198756068,-0.163667632946888,0.123368753693545,-0.287036386640434,0.0390032396845398,-0.0093519175481239,0.0693452038453079
"573",573,0,0.210272067250967,-0.150155063318573,0.360427130569554,0.0228325857360856,0.138842218128615,-0.0261112767994189
"574",574,-0.0839842461414099,-0.00105212763908909,-0.146778585919057,0.145726458279992,-0.0451751137741643,0.197232933994388,-0.134724436089093
"575",575,0.0326583978313345,-0.00241512940859925,0.0578000139877687,-0.0602151433963431,0.0175397368868819,0.192731502425643,-0.0711053006181738
"576",576,-0.0663458121517714,-0.0672361791640195,-0.0654259904638826,-0.00181018870010999,0.0886421132383997,0.488019147750405,-0.0695784420563854
"577",577,0.00694857192894166,0.0635396059168027,-0.0340301746009607,0.0975697805177611,-0.383313606556896,-0.192416717589007,-0.47849665693461
"578",578,-0.0145139305881091,-0.13271927516949,0.071081021699197,-0.203800296868682,-0.194629202277179,-0.11643068261569,-0.239551597740891
"579",579,0.0815748003531231,-0.0204851604435942,0.158957238557575,-0.179442399001181,0.150307781442502,0.0967872918162381,0.166291564697827
"580",580,0.0829148725721051,0.00200738667379404,0.139240775819642,-0.137233389145856,0.460128496938075,0.299360608540875,0.538573842426995
"581",581,8.66654497230354e-12,-0.140044773370269,0.0945973964501623,-0.234642169820417,0.12286870082998,0.289238335978398,0.0718800826269014
"582",582,0.2172543645588,0.547727261788076,0,0.547727261788049,-0.139206620627383,-0.738745091628573,0.171037455440276
"583",583,0.147411872292977,0,0.251038648519029,-0.251038648519012,0.465065354589513,0.235847732460209,0.578384989013003
"584",584,-0.0321961200579233,-0.0676225836807264,-0.00850588866774966,-0.0591166950129558,-0.339875130342812,-0.205998026764323,-0.399560165681731
"585",585,-0.0706415037226409,-0.155165722589641,-0.0109868737433903,-0.144178848846222,0.178454701738753,0.521176769777541,0.0334441331603535
"586",586,0.124025306606797,0.163224095123665,0.095434673620868,0.0677894215028075,0.524998510213099,0.399112393000267,0.577854281608835
"587",587,-0.00817019146354236,-0.0435144493449507,0.0151510485121049,-0.0586654978570731,0.0207777868846631,0.105094702996152,0.0238860968787819
"588",588,-0.0649443767053825,-0.0582499920312066,-0.0703502825792304,0.012100290548028,-0.183720909795602,-0.155181515852219,-0.196817560679941
"589",589,0.00794462975944622,-0.00501227947751946,0.0175973447475802,-0.022609624225103,0.0653926033965003,0.122007939202386,0.0418935810615443
"590",590,0.0405071424790999,0.0846203412410201,0.00832340680606711,0.076296934434953,-0.10034854887124,-0.259319577757792,-0.0294762241126554
"591",591,0.0142649358014198,0.00499013930967242,0.0209855296444387,-0.0159953903347604,0.018030673600432,0.0837358428975856,0.00639476750522784
"592",592,0.03416177520539,-0.0126536097789542,0.0706841905217095,-0.0833378003006748,0.0873996235536852,0.138600243460816,0.0572220266524566
"593",593,-0.0382143186966533,0,-0.0666142618234339,0.0666142618234446,-0.102157306353129,-0.12190428988658,-0.0639402312027882
"594",594,0.00488170138323451,-0.035120240925426,0.0352634067325911,-0.0703836476580138,0.165650893552325,0.151361734992318,0.170066458469779
"595",595,-0.0195238033448209,-0.0320162831067168,-0.01135911683062,-0.0206571662760954,-0.015803748922044,0.0329710939335531,-0.0385533858969596
"596",596,0.0238897721184932,0.0637245794537449,-0.00508882091114504,0.0688134003648969,0.00608949462360465,-0.0236860557241544,0.0103520539101671
"597",597,0.0500381667536745,0.0785453040829429,0.0286860049170743,0.049859299165861,-0.0292741207790735,-0.0302467421214417,-0.0286466021968427
"598",598,-1.23103875941823,-1.83538062740553,-0.761504070092225,-1.07387655731315,-5.56675396875791,-4.96773681242116,-5.64514026815901
"599",599,0.00802048689369908,0.0018294595110274,0.0128285752701056,-0.0109991157590778,0.0473712190173295,0.0535798878376297,0.0453926666094569
"600",600,0,0.0539466153627812,-0.0408593518348295,0.0948059671976051,0.0531787559053622,0.0196232910002269,0.0587820991517437
"601",601,0.00213328177285396,0.0107805507168488,-0.00408261307730391,0.0148631637941519,0.02358527701209,0.0168071365885635,0.0297579505901368
"602",602,0.0291539354969566,0.0276491907481262,0.0300286412739935,-0.00237945052586646,0.02639965046007,0.0420439779102014,-0.00503784760668999
"603",603,-0.0156771223115035,-0.0423169899310971,0.00825623127949326,-0.0505732212105931,0.0156632966370932,-0.00695241522075927,0.0233765727958594
"604",604,-0.0111914524292813,-0.0333453389873422,0.00847173504334423,-0.0418170740306906,0.0629710240349735,0.053750107764258,0.0708327621440198
"605",605,-0.0134633731549962,-0.00915689224298234,-0.0181493210556942,0.00899242881270965,0.0051237287800987,-0.0268324047963563,0.0168830801733439
"606",606,-0.00717085151662745,-0.0255672154481424,0.00825080830141945,-0.0338180237495662,0.0361698013437968,0.0421794996139931,0.0395425585120828
"607",607,0.00347173157248302,-0.0399903630572987,0.0427215213673839,-0.0827118844246834,0.0233382284567267,0.0342727304051286,0.022208620093377
"608",608,-0.0325871912423744,-0.0750523276226112,0.00361359764958331,-0.0786659252721948,0.0267716325918345,0.0384003940093408,0.0305814866485732
"609",609,0.0194924620974097,0.0434238686923095,4.77567974588652e-05,0.0433761118948499,-0.0419960594026506,-0.102232283879902,0.00705060277885335
"610",610,0.0100468507831385,0.0367862842634124,-0.0117811821311046,0.04856746639452,-0.0385808640169655,-0.0500379955384777,-0.0259236597471345
"611",611,-0.00610319788941529,-0.0239377721605283,0.00941188488362143,-0.0333496570441526,0.0377731258878462,0.0606151643467,0.0212552684565318
"612",612,-0.00202277521461658,-0.0074556815826565,0.00198545017992804,-0.00944113176258774,0.0397353193522005,0.0540226581180495,0.0295558784211729
"613",613,0.0351422670287347,0.016494434665061,0.0520765473318552,-0.0355821126667975,0.0736556677975219,0.0182687619958503,0.0908767804520065
"614",614,-0.0161333220346377,-0.0245795643668304,-0.00813151844508488,-0.0164480459217451,0.0069174171511177,0.048952240326015,-0.00515202267861735
"615",615,-0.00256517835614187,-0.00620474368347263,0.000673899373991725,-0.00687864305746615,0.00685616127691858,0.0753885929476277,-0.0375935116787959
"616",616,0.00923502970481901,-0.0044899899891036,0.0223028415671534,-0.0267928315562547,0.0387256968480555,0.0342955342863695,0.0404893407923708
"617",617,-0.0203794502522208,-0.00863473079091439,-0.0314697704119704,0.022835039621056,-0.0211887112144326,0.00139748277936715,-0.0309514486785814
"618",618,-0.00342835104832255,-0.0045028985493759,-0.00225144927468973,-0.00225144927468795,-0.0272121206281088,-0.0323243641146342,-0.0247558879248189
"619",619,0.000498542373450382,-0.00351257872960572,0.00452307927844432,-0.00803565800804755,0.0172808315809064,0.027108730790502,0.0173097839053626
"620",620,0.0123172572173332,0.0115990385579151,0.0130383832017778,-0.00143934464385971,-0.01177825591727,-0.0123021861356494,-0.0108011409548649
"621",621,0.0249889282261914,0.0385659600725357,0.0143277853763534,0.0242381746961825,0.0319983081197177,0.0368665112888073,0.0305781719242666
"622",622,0.00587995443139938,0.0257038073671229,-0.0105198315768505,0.0362236389439734,-0.0477622607372323,-0.00652715740001851,-0.0653700525619824
"623",623,0.079146987181841,0.076776584269165,0.0801180103373396,-0.00334142606817611,-0.00471873381875741,-0.0352283781286779,0.0107837179631986
"624",624,0.021270107783127,0.0811233986934273,-0.0259105385404004,0.107033937233829,-0.00239639693892933,-0.0259718078335873,-0.00185810417332791
"625",625,-0.0359205675616405,-0.0430649126654244,-0.0292737636599222,-0.0137911490055018,0.00051440305793332,0.0207177495818722,-0.00352270293604774
"626",626,-0.010192679687962,-0.0132071421110082,-0.00807904647061597,-0.00512809564038979,-0.0730667640093727,-0.117508625688558,-0.0500505010692148
"627",627,-0.0253334834959926,-0.0409383345129448,-0.0115350745932508,-0.0294032599196914,0.0296293847257917,0.0966268244645611,-0.0014401908266929
"628",628,-0.0231246063076672,-0.0411238308668092,-0.00821925014871123,-0.0329045807181017,-0.00461428179340667,-0.0423285543200807,0.000211117295311591
"629",629,-0.00750815864708325,-0.0288952556866079,0.0107082433663133,-0.039603499052926,0.0948373258529515,0.135375265231441,0.0769995353771509
"630",630,-0.0349320052125161,-0.0429744450120699,-0.0280787845275612,-0.0148956604845099,-0.0391098527695061,-0.0167902961990289,-0.0484154558201735
"631",631,0.000806618554511177,-0.0149481244571654,0.0152357130909876,-0.0301838375481548,0.0501562397827605,0.0901664966466869,0.0326986307145148
"632",632,0.0067935921779803,-0.000619711059365469,0.0135047578421316,-0.0141244689014956,-0.0122482852366236,-0.0160036198526689,-0.00931910373269934
"633",633,0.0100657195940133,-0.0138931965575214,0.0308266969124476,-0.0447198934699698,0.0836071195988471,0.118747828132502,0.0686502400763998
"634",634,0.0110997646978268,0.0465374719643152,-0.0212523273131478,0.0677897992774644,-0.0225057263368101,-0.0695480975036037,-0.00194495088980064
"635",635,-0.0146884449400298,-0.0349264396195258,0.00371667219317734,-0.0386431118127076,0.0165094284229003,0.0697953613672829,-0.00735477115333146
"636",636,0.0154382614785434,0.00325053075458644,0.0246276565375258,-0.0213771257829385,0.0269930983414465,-0.00631390854001142,0.044390337032229
"637",637,0.0452750005106578,0.00958990630026449,0.0717320752663841,-0.0621421689661196,0.0436841779363745,0.0387705374672384,0.0372713655441769
"638",638,0.0135113581377441,0.00435973131093773,0.0202197125124745,-0.0158599812015416,0.0190303868088309,0.0439439957295973,0.0113391411798193
"639",639,0.0227229484636667,0.00316502279597864,0.0370784866545896,-0.0339134638586126,0.0433091766763377,0.0543279075604849,0.0362962406918633
"640",640,0.0768081232158931,-0.0123521729549656,0.140348968685842,-0.152701141640803,0.16070481176126,0.113887774466619,0.176689684477251
"641",641,-0.0133911882358962,-0.0180682194586284,-0.0101464279100229,-0.00792179154860614,-0.0193342969381864,-0.000944824583691748,-0.0274840741516658
"642",642,0.0420212323714853,0.0866014504247729,0.0114395852174604,0.0751618652073124,0.0255254592448812,-0.00309293530204737,0.0420704634973422
"643",643,-0.00141178566787047,-1.19616856268216e-05,-0.00277418591758289,0.00276222423195496,-0.0207952855622746,-0.0188982845566719,-0.022380488137625
"644",644,6.44442560529635e-05,-0.0172178188139243,0.0138932778637888,-0.0311110966777118,0.026817029828742,0.0251426349092185,0.0276740362467071
"645",645,-0.00226427333881895,0.00614792963722097,-0.00832357497465908,0.0144715046118847,-0.00201291025262658,0.013723214917696,-0.0079628935328355
"646",646,-0.00065944091709601,-0.00298079250901369,0.00121923062607347,-0.00420002313508685,-0.00537944835412632,-0.00333166662078508,-0.00751744197170994
"647",647,0.0233446165259872,0.00862563854840078,0.034877835701268,-0.0262521971528659,0.0898302777659111,0.05968323053993,0.0983532612846927
"648",648,-0.0243666408644989,-0.0616587408169541,0.0055529760501185,-0.0672117168670717,-0.0216522636204078,0.0257266236187596,-0.0356205678112981
"649",649,0.0212638512027167,-0.00134047438172816,0.0369796965642802,-0.0383201709460081,0.0192183659182779,0.0217611923520966,0.0188907971033936
"650",650,-0.0252531769397735,0.00129249364571554,-0.0442734340121516,0.045565927657866,-0.0415763585975,-0.0414114754053282,-0.039850565895402
"651",651,0.0146531078399748,-0.0428811523517121,0.0556119858489647,-0.0984931382006763,0.0952303189211187,0.060823573336431,0.11193062054754
"652",652,0.0155203983927026,-0.00509903779081754,0.0277865297805803,-0.0328855675713991,0.0438800293622717,0.0312037958206668,0.0444184946934371
"653",653,0.0342774853447276,0.0182092477904613,0.0431037708080029,-0.0248945230175424,0.02488593100149,0.00996527993582895,0.0328625534762834
"654",654,0.014427105094567,0.030983467738003,0.00332689633733868,0.0276565714006643,0.116945614177004,0.0484402536261219,0.140669901710883
"655",655,-0.0152094352321439,-0.0993839019861481,0.0400488030150072,-0.139432705001154,-0.0134129998524936,0.0316782231585263,-0.0349349715328008
"656",656,0.0115493531204877,0.0383588357367567,-0.0035957654345007,0.0419546011712583,0.0352211803758829,-0.0210048665833842,0.0509847884619845
"657",657,0.0506296561976779,0.0350186743924505,0.0599434527909749,-0.024924778398525,0.0906766055528003,0.0569473907131784,0.10173122270637
"658",658,0.010031778783069,0.0475059602349842,-0.010440684215076,0.0579466444500578,0.0615334015337293,0.0748957688740122,0.0553966089377854
"659",659,0.00213251237050338,0.0412145492910214,-0.0208916462730234,0.0621061955640437,-0.00887491614439826,-0.0133381220178991,-0.00555002781524466
"660",660,-0.0123005410277495,-0.0104668195092525,-0.0135151014433954,0.00304828193414046,-0.00201158654681121,0.0222652893667153,-0.0134658639115078
"661",661,-0.00352048414100516,-0.00530722325624936,-0.00234654700091443,-0.00296067625533876,-0.018087671973053,-0.00527410042576766,-0.0203633708088072
"662",662,-0.023180444658496,-0.0423780209278412,-0.010571114991904,-0.0318069059359346,0.00952235743348252,0.0142263518366201,0.00365525614151092
"663",663,0.00710048079421068,0.018213409136119,2.01031898997772e-05,0.0181933059462188,0.0650911965566882,-0.0359326252528661,0.095976821708923
"664",664,0.0180874207407091,0.0486205530261388,-0.00590814127758227,0.0545286943037223,-0.00905779678987509,-0.0498468226066067,0.00544726909024506
"665",665,0.010317608885233,0.0225795261845764,-5.91760246707805e-05,0.0226387022092485,-0.04843130973303,-0.0628460092820781,-0.0394022300415014
"666",666,0.0197473722626845,0.00067872494489855,0.0363968727520324,-0.0357181478071355,0.00327452206470917,-0.00466710441140967,0.00545198709219481
"667",667,0.00808256493671059,0.00493393794450075,0.010585424211594,-0.00565148626709422,-0.0873905685660375,-0.0755240442148176,-0.0898336845207688
"668",668,0.00132786183399248,-0.000301765668767809,0.00257973613232905,-0.00288150180109773,0.00235010289125637,0.00257720799622824,0.00129982697439614
"669",669,-0.0150566069786136,-0.000890087997278814,-0.0268387765026268,0.0259486885053522,0.0134511423897807,0.0285923691175364,0.00678451593092856
"670",670,0.0376298646506903,0.0737909018757597,0.00710819727704839,0.0666827045987025,0.0317630477986051,0.0260209389354382,0.0354809835367169
"671",671,0.0178311265660018,0.0184315619051061,0.0170947841144721,0.00133677779063283,-0.0351271223825277,-0.0437073072653888,-0.0314968734694694
"672",672,-0.0311183655882563,-0.0389163598456238,-0.0248768045342189,-0.0140395553114057,-0.121930706609622,-0.100964687659116,-0.130293863895216
"673",673,0.0397701264005935,0.0666552424678015,0.0181197924105629,0.0485354500572424,-0.0448311399527624,-0.0853322395127828,-0.0250585616169056
"674",674,0.00684259258411366,0.0299176787619203,-0.00977772062863163,0.0396953993905486,-0.0480180027278007,-0.0233229704838002,-0.0548932210052812
"675",675,-0.00990615999375633,-0.00640045813434986,-0.0125395196171288,0.00613906148277799,0.035682167291437,0.0281088439144333,0.0388352351608123
"676",676,0.00034514784678973,0.00117923970177934,-0.000359390072556573,0.00153862977433381,0.00223631283786547,0.0492549477552716,-0.0168171227688491
"677",677,-0.027086726349911,-0.0289015940716417,-0.0256496747765255,-0.00325191929511561,-0.060429918324383,-0.0564490113206981,-0.0636250037505616
"678",678,0.024965082763424,0.0366762279774909,0.0154821412217258,0.0211940867557647,-0.095985902011972,-0.0850124757132036,-0.0969038341776591
"679",679,-0.0165827256863212,-0.0205796570373248,-0.013558912846717,-0.00702074419060555,-0.0631727926440704,-0.0515478518857005,-0.0707062240146205
"680",680,-0.00568144077997335,-0.0126770367858239,6.84213008946333e-05,-0.0127454580867177,0.0210165251950198,0.00466672918931649,0.0218259584944927
"681",681,-0.00211115042248982,0.00532249210496448,-0.00783205985405134,0.0131545519590105,0.0563283760558425,0.0303338589262427,0.062697894768658
"682",682,0.00978845946216918,0.017070771443648,0.00405184757769519,0.0130189238659558,0.0954998297080586,0.103444289425128,0.0849624891556099
"683",683,0.0162184209588989,0.01058296585027,0.0207837454460639,-0.0102007795957938,0.143191148011638,0.0756048953442516,0.166987396951027
"684",684,-0.0260302690390224,-0.0236567072404794,-0.0281061825322314,0.00444947529175189,0.0019302014988373,0.04948593607265,-0.0181378197451572
"685",685,-0.0120641339027941,-0.0344980882089415,0.00908599267825034,-0.0435840808871914,-0.0362503957673421,-0.0565880689206351,-0.0289557258061228
"686",686,-0.0117109573154609,-0.0228745805591058,-0.00230969663801182,-0.0205648839210946,-0.0180278918494163,-0.018990567877722,-0.0173898099922797
"687",687,0.0115871581142409,0.0216939151417567,0.00321679045660092,0.0184771246851548,0.0235539449439351,0.00661824404857831,0.0289258300135677
"688",688,-0.0177449513496141,-0.0398023489304357,0.000724241279097308,-0.0405265902095333,-0.0109767978406112,0.00859628728840936,-0.0173488884129582
"689",689,-0.0400005451305785,-0.0392436806097243,-0.0408536216651131,0.00160994105538584,-0.0608375400580736,-0.0200990045115213,-0.0747858499011927
"690",690,-0.00378293752177453,0.0118972173296859,-0.0166244584392039,0.0285216757688904,-0.0891662427176746,-0.100459956181475,-0.0851493883449668
"691",691,-0.00670249111650968,-0.0174893791464885,0.00244195795917958,-0.0199313371056682,-0.133202540934083,-0.127317418018737,-0.13507416914519
"692",692,-0.00335009031882693,-0.0072731404399699,-0.000329331513323115,-0.00694380892664396,-0.00757810872959037,-0.0265357427868563,-0.000856910029458073
"693",693,-0.0358359037959402,-0.0466575427336768,-0.027070201076343,-0.0195873416573333,-0.0835911822594461,-0.0549630998425637,-0.0920479927027055
"694",694,-0.0243124359031145,-0.0258823221795237,-0.0231815847323921,-0.00270073744713025,0.014728565230798,0.0196133939888489,0.0133108129943382
"695",695,-0.00622108966047352,0.0271368050313459,-0.0358840376694418,0.0630208427007911,0.0283559538756857,0.00393103633055166,0.0370534520708431
"696",696,0.0177713279941807,0.0557265343506014,-0.0181994315934526,0.0739259659440542,-0.0407033433050312,-0.0501495208555615,-0.0372493009519946
"697",697,5.18499225983572e-05,0.000167748978924384,-0.000266912206609642,0.000434661185534846,0.0463252869024001,0.0203602582356487,0.0565414839346604
"698",698,0.0284541375964097,0.0301517852819074,0.0269232779354416,0.00322850734646714,-0.0595970595671936,-0.0711726065055287,-0.0558778988975718
"699",699,0.00460682522733129,0.00435409665350443,0.00470125358713554,-0.000347156933633894,0.025904466974172,0.011474512247098,0.0308522992279883
"700",700,0.000126067217593785,-0.0209364873753825,0.0221403346300934,-0.0430768220054808,-0.0433795742032694,-0.0208621156246595,-0.0516797559880788
"701",701,0.00843187100651082,-0.00604855138847892,0.0206086172608477,-0.026657168649327,0.0395326992607882,0.0145002942210097,0.0486268691855899
"702",702,0.00690569863913932,0.028204075008104,-0.0121500706156876,0.0403541456237919,-0.0368801816695723,-0.038408888851898,-0.0301239808581873
"703",703,0.0147771297125031,0.0573322142731917,-0.0159161693348969,0.0732483836080884,-0.0244069797600336,-0.0204354424020436,-0.0234682325638106
"704",704,0.00751298608952542,0.0160120657460665,0.00012568575001615,0.0158863799960506,0.094471144918535,0.0581915575108557,0.108079028213618
"705",705,-0.000573643694669146,-0.0235173397931409,0.0171088035041072,-0.0406261432972496,0.103556327273168,0.0980422988550049,0.104273714166467
"706",706,-0.00603119618154254,0.00957316209010795,-0.0191154576504729,0.0286886197405806,-0.029476645715565,0.0039742205962892,-0.0439767754661055
"707",707,-0.0119294439243502,-0.0620597587345842,0.0297761999944998,-0.0918359587290852,-0.052131811997899,-0.000887085703193549,-0.0742160852099972
"708",708,-0.0150187647775173,0.00521343922047419,-0.0309994166490368,0.0362128558695088,-0.0283904691471802,-0.0282993591310526,-0.031951267153586
"709",709,0.0165838006625465,0.0439216969593308,-0.00493261915081858,0.0488543161101486,0.0423854011790554,0.00872246492611518,0.0570688230414503
"710",710,-0.00352931266431744,-0.0283806040804237,0.0166227680345829,-0.0450033721150058,-0.0268207933938413,-0.0095326530678976,-0.0356916214576373
"711",711,0.016649675375397,0.0388454201722956,-0.000339778081097881,0.0391851982533941,0.0116702357727606,-0.0139689297655717,0.023404826398659
"712",712,0.0214608456737914,0.018680176092965,0.0236340680706726,-0.00495389197771368,0.124736867305344,0.141828842108818,0.116796784206317
"713",713,0.0264823876725816,0.0464568774271781,0.0106190282991418,0.0358378491280368,0.12409973570674,0.0923127284047461,0.137617646679864
"714",714,-0.000779185435108446,-0.00590234129275781,0.00333465023094574,-0.00923699152370143,-0.0266311258279057,0.00302352190448202,-0.0405454465998583
"715",715,-0.0141188183508422,-0.014887362125431,-0.0135343197066041,-0.00135304241882515,-0.0382899161379491,-0.0331630713810202,-0.0390451787918946
"716",716,-0.020981419509568,0.00446109267278303,-0.0433807467658559,0.0478418394386377,-0.117452832323112,-0.109152207216963,-0.11712242998807
"717",717,-0.00713036963668101,-0.0223205789382228,0.00399260090454286,-0.0263131798427638,-0.0808187231130656,-0.071100162244276,-0.0842993368853869
"718",718,-0.00112281071934429,0.00585346212946676,-0.00581781367023744,0.0116712757997017,-0.00746744152338262,0.00711194944324817,-0.0136174023283417
"719",719,0.00108590632850212,0.00253392479144413,1.34138430890281e-05,0.00252051094835877,-0.0287173121710369,-0.0325110789501547,-0.0255943089417924
"720",720,0.00480850523259673,0.00888442497723804,0.00102243323450854,0.00786199174273054,-0.0127418370630735,-0.0196839819903193,-0.00968166019520097
"721",721,0.028078997515217,0.0379758436258053,0.0188074163036646,0.0191684273221405,-0.0545749761848136,-0.0707687333371939,-0.046629499132242
"722",722,-0.0200896869225399,-0.00235754837093188,-0.0369557804177363,0.034598232046804,-0.0462448376622817,-0.0421062678906591,-0.04845461282004
"723",723,-0.00114012188000637,0.00246480658161998,-0.00436590216646872,0.00683070874808734,0.047694765717452,0.0428430952469073,0.0479017334782989
"724",724,0.0034094348507539,0.0117624120547676,-0.00408427018523078,0.0158466822400018,0.00611197824024391,-0.00434905449947345,0.0111445448966972
"725",725,0.000436255196082264,-0.000190652086720939,0.000666438061871206,-0.00085709014859237,0.0421291562232854,0.0501079715340518,0.0387830777006288
"726",726,-0.0099703955316474,-0.0242872985962739,0.000966218400557008,-0.0252535169968285,-0.00460513690809035,0.0226624003492556,-0.0164751984186794
"727",727,-0.0138328736968313,0.000831008824409955,-0.0248749728265252,0.0257059816509374,-0.058204312277577,-0.0500331482619474,-0.0626880388216544
"728",728,0.00652951820632706,-0.0140068229726536,0.0230471315552484,-0.0370539545279025,0.113670244539221,0.10219373497718,0.11224960381323
"729",729,-0.0214060300700776,-0.0305776512528999,-0.0141217970262792,-0.0164558542266241,-0.184528723950728,-0.116942005081358,-0.207511169565771
"730",730,-0.00556845406252711,0.000210771877273016,-0.00985249799717485,0.010063269874444,0.00812580703281156,0.0179677724180845,0.00406333714046582
"731",731,0.0036450344406321,0.0136752806655116,-0.00458825357480968,0.0182635342403201,0.00353952330683292,-0.0221523138014767,0.0178969421134205
"732",732,-0.00696326595298218,-0.0366161016756102,0.0156234329802117,-0.0522395346558194,-0.0022870990172305,0.0719321486806912,-0.0262771641585635
"733",733,-0.0237761640843911,-0.0286451802924383,-0.0199590575732808,-0.00868612271915793,-0.0333005475402396,-0.0196404925971355,-0.0407520729323305
"734",734,0.00787111366398965,0.0226596095856823,-0.00452626175090395,0.0271858713365875,0.0110474415157544,-0.0188741689375932,0.0235102125824266
"735",735,-0.00802530067499166,-0.0158722769772486,-0.00146329053147053,-0.0144089864457802,-0.000465946124813674,0.00581230732229852,-0.00334889088473496
"736",736,0.00638552750801979,-0.0187972043756314,0.0279442145033095,-0.0467414188789408,0.0362413752137454,0.0522582181533645,0.0298957090958246
"737",737,0.00632978536761391,0.0120281388842491,0.00145872903624863,0.0105694098480018,-0.0155549339080616,-0.00757810539920925,-0.0195539798622112
"738",738,-0.00707422612553916,0.0107018678395441,-0.0230285176576444,0.0337303854971881,0.0324433428089234,0.015489052034575,0.039710193288649
"739",739,0.0225624670241474,0.0239513846211132,0.0215737480888513,0.00237763653226472,0.113403019368286,0.102839431860956,0.112936104655288
"740",740,-0.00926410796003357,-0.00624580799401535,-0.0118353243350171,0.00558951634100288,-0.0253126161914251,-0.0389419126635607,-0.0189939696900639
"741",741,0.00341625427847249,0.00615592503863469,0.00113898199548184,0.00501694304315142,-0.00782775767456293,-0.0200477535295685,-0.0019538178014323
"742",742,-0.00517425800425251,-0.00937238621117673,-0.0016505670490562,-0.00772181916212008,0.0297255778617507,0.036481199063448,0.027618863885986
"743",743,0.0115437073669798,0.0170624968769044,0.00694397137014295,0.010118525506762,-0.0459949324121369,-0.0492477175627641,-0.0444848226861057
"744",744,-0.00330261788751219,0.00740477118738628,-0.0118130579358353,0.0192178291232213,-0.0273187923338282,-0.0390866399648236,-0.0213815486706272
"745",745,-0.00219586367605062,-0.0131288722128147,0.00679803484601395,-0.0199269070588298,0.0279631357866584,0.041464988323672,0.0195823530853592
"746",746,0.00981620218305639,0,0.0172475192583101,-0.0172475192583115,-0.0363776781949396,-0.0245953112803619,-0.0443213224904961
"747",747,-0.012765923529716,-0.0429035194549164,0.0081315141821845,-0.0510350336371007,0.0488010251423988,0.0689899825441133,0.0416297564893797
"748",748,-0.00131490697277524,0.0154981649187512,-0.0119025331673623,0.0274006980861133,-0.0159945902050617,-0.0131675765459679,-0.0165310915700735
"749",749,0.0312825013014281,0.0582664746864417,0.0123508690858013,0.0459156056006409,-0.0019066175689979,-0.00310537167278704,-0.00100131784395715
"750",750,0.00704041646920149,0.0220298750062827,-0.00387823899555179,0.0259081140018338,-0.0259149022632747,0.0115230075419197,-0.0402333651516043
"751",751,0.0315531309707132,0.0442408054794451,0.0217588471026564,0.0224819583767872,0.132592697282972,0.0960924044140146,0.146199665801544
"752",752,0.0269030723442681,0.059646166251879,0.00229380045935865,0.0573523657925214,0.0742840671476334,0.0182773945973617,0.0962642113948067
"753",753,-0.0302116969825632,-0.0274298522751804,-0.0328119848551745,0.00538213257999488,0.0296860634801209,0.0513068474954833,0.019354184724526
"754",754,-0.00505825742139127,-0.0246465016886048,0.010959400157455,-0.0356059018460556,-0.0394336361641453,-0.0303900974171652,-0.0452126394919613
"755",755,-0.049916725051465,-0.0682564259960427,-0.0360111954680109,-0.0322452305280296,-0.149401227777348,-0.0450541337358701,-0.191907641460669
"756",756,0.00285276051227629,-0.00293021557274667,0.00746298832854575,-0.0103932039012962,0.0737249907626666,0.0560711029687141,0.080679986039333
"757",757,0.0285594511921707,0.0372664792305899,0.021155919820881,0.0161105594097134,-0.0120393923862498,-0.0786041391820053,0.0123741255550786
"758",758,-0.00594146426239647,-0.00220470219416299,-0.00896151670260786,0.00675681450844415,0.0695729959875399,0.0658661183312376,0.0711830767459097
"759",759,-4.80270143578183e-05,0.0286526311099278,-0.0241753214784514,0.052827952588376,-0.00473240705858451,-0.00213831152706753,-0.00755115797284612
"760",760,-6.13854079358354e-05,-0.0320443981033339,0.0264517179458247,-0.0584961160491573,-0.129165757754194,-0.102041203966177,-0.138770550916656
"761",761,-0.0177476533764142,-0.0136839800630603,-0.0212051296879097,0.00752114962485414,0.0382888080808229,0.0216188690284487,0.0422849395066862
"762",762,-0.00175881324319331,0.000328772264099699,-0.00299521397226092,0.00332398623636566,0.032874715996938,0.0143736355981315,0.0383748094974763
"763",763,-0.0122624208058031,0.0125931355664736,-0.0298408652051289,0.0424340007716051,-0.0471426293908508,-0.0801409609479309,-0.0336490385544103
"764",764,-0.000976958912802044,0.0173933148741685,-0.0146188621346231,0.0320121770087914,-0.0501683693474574,-0.0615969954768319,-0.046385296129219
"765",765,-0.0592199461101812,-0.0469267748511167,-0.0673296694021655,0.0204028945510502,-0.00798979291653019,0.0240128052232331,-0.0211652188919895
"766",766,0.00233362492485555,0.000588804678918303,0.00336981129512759,-0.00278100661620961,-0.00642315746660776,-0.0136863352499677,-0.00390307150896283
"767",767,0.00567590908733074,-0.0136249405188541,0.0185952595819674,-0.0322202001008222,0.0275488056781156,0.0285377372808843,0.0269147260656813
"768",768,-0.00330846632330946,-0.0323191122970478,0.0145673759477214,-0.0468864882447678,0.0240540797406418,0.0148041453727022,0.0285296448328455
"769",769,0.00524092128218688,-0.00105070062379372,0.00893682750584242,-0.00998752812963438,0.0030314234410245,0.000423655602998257,0.00333683317782071
"770",770,-0.00496086713791383,-0.0192895720455064,0.00314099393610396,-0.0224305659816086,0.00155777988332677,0.00996279482827154,-0.00185438534423172
"771",771,-0.0215876718723622,0.0179114181847398,-0.0475560942232366,0.0654675124079785,-0.045790278231547,-0.0183596032608546,-0.057594491534008
"772",772,-0.00298680120803634,0,-0.00525240293401665,0.00525240293401455,-0.0031557822467648,-0.0143651193528575,0.00152447179989557
"773",773,-0.00515315968902881,-0.0129653412391549,0.00119534936515653,-0.014160690604307,-0.0216498256234254,0.0292031726389916,-0.0411938285943757
"774",774,-0.025399717452505,0.0226292371119542,-0.0665118440220452,0.089141081133999,-0.00405826645026539,-0.0239913749753686,0.0075893804733056
"775",775,-0.0198630009600021,-0.0361443299026763,-0.00355840586627312,-0.0325859240364038,-0.0880140273580124,-0.0718081004928975,-0.0877684837981556
"776",776,-0.0166965086460787,-0.0125571613000641,-0.0209302461098471,0.00837308480978271,-0.0869966866700126,-0.0567598978294311,-0.0903320422663263
"777",777,-0.0190038261077108,-0.0276564344518485,-0.0105977151380676,-0.0170587193137798,-0.0315551260088031,-0.0246923937604265,-0.0223178026140073
"778",778,0.0193719096476765,0.0285307862286919,0.0103916802915084,0.018139105937184,0.0388143781874878,-0.0243535474368759,0.0092460971433776
"779",779,0.0152716974162333,0.00478176328087551,0.0251836770706703,-0.0204019137897948,0.064876520297353,0.0714475868669352,0.0620510232480341
"780",780,0.00101528247102369,0.00325215569529789,-0.00102285031290713,0.00427500600820616,0.00342349114489251,0.00981130545967308,0.000916063390145756
"781",781,-0.0114823240842457,-0.00327944349726329,-0.01913969768472,0.0158602541874595,-0.0730127145858692,-0.0766982825377203,-0.0708302364317477
"782",782,-0.00682757626292727,-0.00661562673705698,-0.00711783061176845,0.000502203874710642,-0.0110505908089666,0.0122785730181175,-0.0211611113084682
"783",783,-0.000760509560108657,-0.0160789712473772,0.0133586459252389,-0.0294376171726163,-0.0083434910213813,0.0115383111686802,-0.0171292155845381
"784",784,0.00981567436959935,0.0214084168138674,-0.00172882782951926,0.0231372446433871,-0.0113105007563944,0.0266680127937806,-0.0230699475994804
"785",785,0.0485218031255178,0.0519951719224907,0.0447570035998092,0.00723816832268188,0.157252474678513,0.0971527523479354,0.178315615165823
"786",786,0.0179276557086866,0.012343712746167,0.0237096631196516,-0.0113659503734836,0.108757249551882,0.0932530185530439,0.111702247254074
"787",787,-0.00274494391422948,0.00770484725389002,-0.0139487202969165,0.0216535675508059,0.031898742037208,0.00428435468029707,0.0400184385603726
"788",788,0.0337459722518986,0.0632442135149104,0.0124777910243538,0.0507664224905565,0.00469040197287195,-0.0140069979962438,0.01268676692983
"789",789,0.00889980053672271,-0.00697492608487818,0.0218314424752547,-0.028806368560134,0.00631988032803811,0.0139973176509494,0.00172889281369872
"790",790,0.00464597848319659,0.000794939496407473,0.00754474629876584,-0.00674980680235824,0.0693966584047654,0.0780927845654697,0.0656134122552513
"791",791,0.0111886442696803,0.0182248919566285,0.00601628710865938,0.01220860484797,0.0645526404429617,0.0509021373897804,0.0707547199709522
"792",792,-0.0183461949106476,-0.0256497243205114,-0.0127091137803313,-0.0129406105401809,-0.0242949847886222,0.00255128389297802,-0.0351509404241617
"793",793,0.00760143364424804,0.0111951167019186,0.0047018567116128,0.00649325999030834,0.02298783493374,0.0235766983246222,0.0217922914660004
"794",794,0.00236385396791808,-0.00464186490349669,0.00760322545132209,-0.01224509035482,-0.0390973803391237,-0.0581779944336313,-0.0317850479084972
"795",795,0.0411719874955231,0.0557112077349055,0.0297444467360588,0.0259667609988489,0.0464137514717553,0.0202860191845248,0.0562445498924103
"796",796,-0.0118954599004748,0.000323720121106301,-0.020832770215574,0.0211564903366808,0.0279501793468393,0.0518121465910079,0.0182297510622797
"797",797,0.00378127900103733,-0.042093634206087,0.0401457201023632,-0.0822393543084479,-0.0564188213217095,-0.0440754155407032,-0.0627772580111659
"798",798,-0.0131005378991679,-0.00786357742512503,-0.0167420586248671,0.00887848119974245,-0.0379361587644254,-0.0213380690025121,-0.0455772645299527
"799",799,-0.00901935346934322,0.00676000345701895,-0.0190801966728721,0.02584020012989,0.0170218869227267,-0.00266558790548118,0.024848541627815
"800",800,0.000917417068786832,-0.0134006349609599,0.0101784422027152,-0.0235790771636771,-0.00619166243954948,-0.00321186713213487,-0.00786495973309295
"801",801,0.00135172534117304,-0.0350061382207491,0.0248273072431874,-0.059833445463935,0.0308899894474024,0.0196663649978809,0.0365711252141781
"802",802,0.0179305238486516,0.00342150323953614,0.0266265511681827,-0.0232050479286471,-0.0203980501617046,-0.00254194952722036,-0.0288203023431438
"803",803,-0.00156531141792629,0,-0.00263913341401616,0.00263913341401487,-0.00986348244016226,-0.0198486701797181,-0.00668423890988695
"804",804,-0.00351645333512637,-0.00278482278876235,-0.00447136746278506,0.00168654467402313,-0.00571315951983444,-0.00910767016450097,-0.00285611897023326
"805",805,0.00659107987683394,0.0111886044283022,0.00197890450049327,0.00920969992780991,-0.00243311783247425,-0.00623041357475628,-0.000944742542602204
"806",806,0.00857227438125917,0.0263989247816876,-0.00959294546578639,0.0359918702474748,0.00463736054502981,-0.00120245487916987,0.00969776265305556
"807",807,0,-0.0158800805038432,0.0170574225773494,-0.0329375030811936,0.00241434140518131,-0.0235778391260581,0.0169721996801916
"808",808,0,0.00449031735487174,-0.00482322747733578,0.00931354483220691,0.01068574883739,0.0039627318094327,0.0178894568183551
"809",809,0.00517118915374472,0.00114119683427391,0.00922894628700635,-0.00808774945273205,0.0120221362712877,-0.000518674754095084,0.0153692608276229
"810",810,0.0117180881581798,0.0111379467854247,0.0118677816999583,-0.000729834914533354,0.0104674368061728,0.0283304843035654,0.00481032647014219
"811",811,0.00415485108586524,0.000755439993519252,0.00769940420364462,-0.00694396421012439,-0.0249412134235157,-0.043523812237159,-0.0164050542148404
"812",812,-0.000226884471043517,0.0103780560554031,-0.0106345308684509,0.0210125869238514,-0.0472510424958146,-0.0376955550482008,-0.0495955253328365
"813",813,-0.0177093316090217,0,-0.0356986049125888,0.0356986049125896,-0.0150261596801332,0.0244463822994179,-0.0296018664158706
"814",814,-0.0045160078640072,-0.0130164257129916,0.00366053163320058,-0.0166769573461917,0.00417988792175115,-0.000510192439579201,0.00600251224490002
"815",815,-0.00431178063241628,0.0119708052686334,-0.0199371207477749,0.0319079260164096,0.0117880919716536,0.0340346878377788,0.00339036632255132
"816",816,-0.029667842224954,-0.0566842698845459,-0.00430177405371195,-0.0523824958308335,0.0874007072752163,0.112815095042694,0.0758438791957081
"817",817,-0.0101646319549766,0.0231966567267404,-0.0388766543984668,0.0620733111252161,0.138227657434539,0.290450086302663,0.063092092714283
"818",818,0.0110033978398279,0.00771798049233389,0.0142106474404633,-0.00649266694812992,-0.00740327006236201,-0.0198704971337474,-0.00492554701412635
"819",819,-0.00682103552614674,-0.00779778979124736,-0.0062458304067625,-0.00155195938448474,0.00386393380699798,0.00971990452997907,0.000806771662443166
"820",820,-0.00120398498693003,-0.0205273151447831,0.017824027740285,-0.0383513428850647,0.0777940460452125,0.101947650649003,0.061733726796783
"821",821,0,-0.067797880410026,0.0651668406329276,-0.132964721042954,0.0234405017417314,0.0810977273916069,0.00838692558395684
"822",822,0.00372813872765908,-0.0102147803389844,0.0158448554715366,-0.026059635810521,0.0156775682085783,0.016369847033808,0.0155427985007257
"823",823,0.0215822855222989,-0.000499907036040563,0.0394977556103641,-0.0399976626464039,0.0322404864122099,0.0275939879810769,0.0355807494188349
"824",824,0.00199143003898774,0.00202718484920838,0.00161224219844197,0.000414942650766876,-0.00603831248169589,-0.00199898165653377,-0.0081562254844746
"825",825,-0.00721876901207013,-0.0180048103913527,0.00327871428470313,-0.0212835246760576,-0.00693536981990515,-0.00572767301085092,-0.00841684930849351
"826",826,3.72110510540875e-05,-0.0107674190981399,0.0105436552924468,-0.0213110743905864,-0.011308103834368,-0.0128894976122777,-0.0152805034599392
"827",827,0.0154849075944721,0.00674124595163551,0.0219123003223141,-0.0151710543706797,0.0464364900296315,0.0269809204614558,0.0511063487013634
"828",828,-0.0375622485346589,-0.00316280551717407,-0.0648726598308128,0.0617098543136385,-0.143065920465917,-0.110191400945173,-0.154454179845469
"829",829,0.00131387087538745,-0.000316566795534955,0.00238580069792703,-0.00270236749346165,0.0137711663354563,0.0438526193268256,0.0010237780006961
"830",830,0.0112489982526713,0.00569395432442968,0.016218720098112,-0.0105247657736816,0.0434099299421512,0.027059737910932,0.0506142184463688
"831",831,0.00503234188839988,0.0188522658495086,-0.00785191046710959,0.026704176316618,0.0258296252755866,-0.00178625831331441,0.0364604143403691
"832",832,0.0116883204501612,-0.00574610734591633,0.0286658804270802,-0.0344119877729973,0.0322278339460618,0.0397100537919492,0.0303769966164557
"833",833,-0.0228111734160374,-0.029365748298665,-0.0170804827119413,-0.0122852655867228,0.0403992123511487,0.042818443092689,0.038241709027829
"834",834,-0.0172393707316138,0.0050182228915978,-0.0372212588133598,0.0422394817049571,-0.066889470811678,-0.0366960960142235,-0.0738938953411186
"835",835,-0.054724313158915,-0.0295091323237985,-0.0777565563495178,0.0482474240257166,0.000967000373122702,0.0580294539187722,-0.0240539996110124
"836",836,0.0227635290879495,0.0051923225293501,0.0376791770728177,-0.0324868545434748,-0.0695374530331063,-0.0522626754708785,-0.0783356650285776
"837",837,0.0120045618494747,0.00998106149511651,0.0135891429327777,-0.00360808143766197,-0.0554788502172826,-0.0589675753060973,-0.0448048776947385
"838",838,0.00081771088078729,-0.0125029912365795,0.0135113754242685,-0.026014366660847,-0.0098309599393637,-0.0232717104646262,-0.00195686180899345
"839",839,-0.0171461623879756,-0.0064432325257285,-0.0278983635491963,0.0214551310234689,0.0193913644589112,0.0266195888668353,0.0147381479415123
"840",840,0.00625588115816498,-0.00111295277506663,0.0130562884792618,-0.0141692412543289,0.00326834184719816,0.0122184305282544,0.00122932608197385
"841",841,0.00189111696636198,0.00772428279187483,-0.00345713979715021,0.0111814225890256,0.0424852360471107,0.0347687650351221,0.0437903860941947
"842",842,0.00374295898149497,-0.00793836693009324,0.0141922610796559,-0.0221306280097502,0.0105146294883766,0.00716150085741217,0.0114014988530938
"843",843,-0.000287716809538399,0.0211660399311084,-0.0144310617117509,0.0355971016428585,0.0574169977662586,0.0202900940138777,0.0689860758973866
"844",844,0.00507882006404785,0.0163861704386255,-0.00288076140527121,0.0192669318438973,0.109054128678802,0.0938169240177572,0.112663460379249
"845",845,0.00993844727142042,-0.0295220044933241,0.0375029623079523,-0.0670249668012637,0.184444456402241,0.0814208994674758,0.215002471222638
"846",846,0.00686818707528941,0.0212408493125468,-0.00216547397126818,0.0234063232838164,0.108433440443106,0.0823658433169784,0.115973113458332
"847",847,0.00186313791958467,-0.00361835949182168,0.00691422936291299,-0.0105325888547349,0.00254959291893629,0.00543667987018125,0.00435745981337512
"848",848,-0.00330366845146213,-0.0122308507914248,0.00500413651446045,-0.0172349873058859,0.0210556101392961,-0.00181840332744499,0.0243975977154456
"849",849,-0.00334344407688663,-0.00835935581671896,0.00101929917612141,-0.00937865499284037,-0.0134055224852169,-0.00863945369996131,-0.0147630246238963
"850",850,0.00103109052562393,-0.00602798517885256,0.00710790207578117,-0.0131358872546338,0.0068096364126715,0.0112429115266705,0.00560085665671665
"851",851,0.00520905117475383,-5.44784486732721e-05,0.00988308169994263,-0.0099375601486164,0.00403479842189079,0.00204340183316309,0.00401833129145096
"852",852,0.010722646663285,-0.0055116367520224,0.0247506973035611,-0.0302623340555886,0.00936172333733563,0.00531908342987421,0.0104503873544052
"853",853,-0.0200752454610416,-0.018918246986951,-0.0208770392948867,0.00195879230793704,-0.0596773710560896,-0.0570308672553272,-0.0584574020918493
"854",854,0,-0.0370458904629946,0.0313684937959208,-0.0684143842589191,0.054185322166001,0.0879398650510267,0.0427819955728383
"855",855,0.0060768773262462,0.00137411349329667,0.0102831786323779,-0.0089090651390794,0.0218107754042757,0.0191487348755221,0.0178041596279319
"856",856,0.0154462959719871,0.00349274184372489,0.0261379343635099,-0.0226451925197807,-0.0327792096286659,0.0401882325456545,-0.0622710877351069
"857",857,0.00825209047885238,0.00905890604146674,0.007526251107306,0.00153265493416047,-0.0351223314849208,-0.0451455761983061,-0.0284853776510802
