"","tree","model","AICc","regime"
"1",1,"BMS",-724.06672977722,"riverine_lacustrine"
"2",1,"OUM",-1031.90863413614,"riverine_lacustrine"
"3",1,"OUMV",-1039.97480508939,"riverine_lacustrine"
"4",1,"OUMA",-926.825229626709,"riverine_lacustrine"
"5",1,"OUMVA",-1011.19998217968,"riverine_lacustrine"
"6",2,"BMS",-720.883695246796,"riverine_lacustrine"
"7",2,"OUM",-1032.11189395527,"riverine_lacustrine"
"8",2,"OUMV",-1040.20791712913,"riverine_lacustrine"
"9",2,"OUMA",-983.714862166967,"riverine_lacustrine"
"10",2,"OUMVA",-977.338499772676,"riverine_lacustrine"
"11",3,"BMS",-723.518409441425,"riverine_lacustrine"
"12",3,"OUM",-1031.88519363278,"riverine_lacustrine"
"13",3,"OUMV",-1039.95361411812,"riverine_lacustrine"
"14",3,"OUMA",-914.286032032987,"riverine_lacustrine"
"15",3,"OUMVA",-1009.85038608914,"riverine_lacustrine"
"16",4,"BMS",-710.750093085318,"riverine_lacustrine"
"17",4,"OUM",-1032.19394269329,"riverine_lacustrine"
"18",4,"OUMV",-1040.3429017382,"riverine_lacustrine"
"19",4,"OUMVA",-962.806222444578,"riverine_lacustrine"
"20",5,"BM1",-538.204406872631,"riverine_lacustrine"
"21",5,"OU1",-910.01875413342,"riverine_lacustrine"
"22",5,"BMS",-720.549658801601,"riverine_lacustrine"
"23",5,"OUM",-1032.16068676734,"riverine_lacustrine"
"24",5,"OUMV",-1040.17551273672,"riverine_lacustrine"
"25",5,"OUMA",-905.883910945777,"riverine_lacustrine"
"26",5,"OUMVA",-960.21767983991,"riverine_lacustrine"
"27",6,"BMS",-719.139906771654,"riverine_lacustrine"
"28",6,"OUM",-1032.19425156917,"riverine_lacustrine"
"29",6,"OUMV",-1040.17149921297,"riverine_lacustrine"
"30",6,"OUMA",-976.252702939152,"riverine_lacustrine"
"31",6,"OUMVA",-990.519437709503,"riverine_lacustrine"
"32",7,"BMS",-721.315524012538,"riverine_lacustrine"
"33",7,"OUM",-1031.88515122289,"riverine_lacustrine"
"34",7,"OUMV",-1039.95358421347,"riverine_lacustrine"
"35",7,"OUMA",-931.563978397688,"riverine_lacustrine"
"36",7,"OUMVA",-1036.63532510501,"riverine_lacustrine"
"37",8,"BMS",-722.317225706472,"riverine_lacustrine"
"38",8,"OUM",-1031.81296704669,"riverine_lacustrine"
"39",8,"OUMV",-1039.94849246227,"riverine_lacustrine"
"40",8,"OUMA",-913.939114678808,"riverine_lacustrine"
"41",8,"OUMVA",-991.166310837258,"riverine_lacustrine"
"42",9,"BMS",-717.888713150558,"riverine_lacustrine"
"43",9,"OUM",-1033.82510407846,"riverine_lacustrine"
"44",9,"OUMV",-1041.48756957626,"riverine_lacustrine"
"45",9,"OUMVA",-1013.60764590876,"riverine_lacustrine"
"46",10,"BMS",-720.397318332932,"riverine_lacustrine"
"47",10,"OUM",-1031.89677137047,"riverine_lacustrine"
"48",10,"OUMV",-1039.96610814755,"riverine_lacustrine"
"49",10,"OUMA",-924.858280054806,"riverine_lacustrine"
"50",10,"OUMVA",-969.10329901479,"riverine_lacustrine"
"51",11,"BMS",-722.991044304231,"riverine_lacustrine"
"52",11,"OUM",-1031.88497083173,"riverine_lacustrine"
"53",11,"OUMV",-1039.95422660884,"riverine_lacustrine"
"54",11,"OUMA",-949.963069033309,"riverine_lacustrine"
"55",11,"OUMVA",-1017.4367408578,"riverine_lacustrine"
"56",12,"BMS",-722.977381919925,"riverine_lacustrine"
"57",12,"OUM",-1031.85855422724,"riverine_lacustrine"
"58",12,"OUMV",-1039.96792220022,"riverine_lacustrine"
"59",12,"OUMA",-912.187365820526,"riverine_lacustrine"
"60",12,"OUMVA",-994.053771244044,"riverine_lacustrine"
"61",13,"BMS",-725.269161561097,"riverine_lacustrine"
"62",13,"OUM",-1032.30621510914,"riverine_lacustrine"
"63",13,"OUMV",-1040.39601368598,"riverine_lacustrine"
"64",13,"OUMA",-919.405946724987,"riverine_lacustrine"
"65",13,"OUMVA",-1054.9439907565,"riverine_lacustrine"
"66",14,"BMS",-721.326661549332,"riverine_lacustrine"
"67",14,"OUM",-1031.92805555215,"riverine_lacustrine"
"68",14,"OUMV",-1039.98528053305,"riverine_lacustrine"
"69",14,"OUMA",-905.638068493172,"riverine_lacustrine"
"70",14,"OUMVA",-983.247375981795,"riverine_lacustrine"
"71",15,"BMS",-724.952120784655,"riverine_lacustrine"
"72",15,"OUM",-1031.88555616558,"riverine_lacustrine"
"73",15,"OUMV",-1039.95387005297,"riverine_lacustrine"
"74",15,"OUMA",-934.230475864708,"riverine_lacustrine"
"75",15,"OUMVA",-1033.4509065909,"riverine_lacustrine"
"76",16,"BMS",-722.750427623228,"riverine_lacustrine"
"77",16,"OUM",-1032.11284039552,"riverine_lacustrine"
"78",16,"OUMV",-1039.95403940288,"riverine_lacustrine"
"79",16,"OUMA",-937.122221713965,"riverine_lacustrine"
"80",16,"OUMVA",-998.078720056075,"riverine_lacustrine"
"81",17,"BMS",-726.096307581598,"riverine_lacustrine"
"82",17,"OUM",-1032.30006055373,"riverine_lacustrine"
"83",17,"OUMV",-1040.26805882916,"riverine_lacustrine"
"84",17,"OUMA",-903.079076819537,"riverine_lacustrine"
"85",17,"OUMVA",-1039.44026032569,"riverine_lacustrine"
"86",18,"BMS",-725.089802052399,"riverine_lacustrine"
"87",18,"OUM",-1031.94656287899,"riverine_lacustrine"
"88",18,"OUMV",-1040.00576525779,"riverine_lacustrine"
"89",18,"OUMA",-922.521453211341,"riverine_lacustrine"
"90",18,"OUMVA",-1007.1728736847,"riverine_lacustrine"
"91",19,"BMS",-718.528933203131,"riverine_lacustrine"
"92",19,"OUM",-1031.95349604045,"riverine_lacustrine"
"93",19,"OUMV",-1040.00227381495,"riverine_lacustrine"
"94",19,"OUMA",-915.484226828146,"riverine_lacustrine"
"95",19,"OUMVA",-1006.58101519077,"riverine_lacustrine"
"96",20,"BMS",-721.398413665391,"riverine_lacustrine"
"97",20,"OUM",-1031.91544387259,"riverine_lacustrine"
"98",20,"OUMV",-1039.98334351022,"riverine_lacustrine"
"99",20,"OUMA",-918.566761383493,"riverine_lacustrine"
"100",20,"OUMVA",-996.289698062154,"riverine_lacustrine"
"101",21,"BMS",-721.282098553464,"riverine_lacustrine"
"102",21,"OUM",-1031.88520819659,"riverine_lacustrine"
"103",21,"OUMV",-1039.95364949784,"riverine_lacustrine"
"104",21,"OUMVA",-1023.64835838866,"riverine_lacustrine"
"105",22,"BMS",-721.524344854609,"riverine_lacustrine"
"106",22,"OUM",-1031.8870970283,"riverine_lacustrine"
"107",22,"OUMV",-1039.95497211166,"riverine_lacustrine"
"108",22,"OUMA",-927.426797989228,"riverine_lacustrine"
"109",22,"OUMVA",-1001.85465897696,"riverine_lacustrine"
"110",23,"BMS",-722.310608647733,"riverine_lacustrine"
"111",23,"OUM",-1032.23155910619,"riverine_lacustrine"
"112",23,"OUMV",-1040.19772161726,"riverine_lacustrine"
"113",23,"OUMA",-892.60115393072,"riverine_lacustrine"
"114",23,"OUMVA",-993.38041260994,"riverine_lacustrine"
"115",24,"BMS",-719.79168234044,"riverine_lacustrine"
"116",24,"OUM",-1031.88590770208,"riverine_lacustrine"
"117",24,"OUMV",-1039.95445938121,"riverine_lacustrine"
"118",24,"OUMA",-924.882742652316,"riverine_lacustrine"
"119",24,"OUMVA",-916.431387775672,"riverine_lacustrine"
"120",25,"BMS",-724.400196416494,"riverine_lacustrine"
"121",25,"OUM",-1031.88515255483,"riverine_lacustrine"
"122",25,"OUMV",-1039.95358514144,"riverine_lacustrine"
"123",25,"OUMA",-904.675679154044,"riverine_lacustrine"
"124",25,"OUMVA",-999.160750745311,"riverine_lacustrine"
"125",26,"BMS",-722.590771633658,"riverine_lacustrine"
"126",26,"OUM",-1031.88616421669,"riverine_lacustrine"
"127",26,"OUMV",-1039.95540392231,"riverine_lacustrine"
"128",26,"OUMA",-810.865897082437,"riverine_lacustrine"
"129",26,"OUMVA",-1002.95411435773,"riverine_lacustrine"
"130",27,"BMS",-724.26188298312,"riverine_lacustrine"
"131",27,"OUM",-1031.88490637314,"riverine_lacustrine"
"132",27,"OUMV",-1039.95403343208,"riverine_lacustrine"
"133",27,"OUMVA",-1016.16053847596,"riverine_lacustrine"
"134",28,"BMS",-723.993280498267,"riverine_lacustrine"
"135",28,"OUM",-1031.9006958317,"riverine_lacustrine"
"136",28,"OUMV",-1039.97064722136,"riverine_lacustrine"
"137",28,"OUMA",-896.000393066413,"riverine_lacustrine"
"138",28,"OUMVA",-1004.14011926315,"riverine_lacustrine"
"139",29,"BMS",-723.653251359589,"riverine_lacustrine"
"140",29,"OUM",-1031.89773943251,"riverine_lacustrine"
"141",29,"OUMV",-1039.96820233167,"riverine_lacustrine"
"142",29,"OUMA",-904.417798243158,"riverine_lacustrine"
"143",29,"OUMVA",-991.102393142092,"riverine_lacustrine"
"144",30,"BMS",-724.335111506553,"riverine_lacustrine"
"145",30,"OUM",-1030.78139960953,"riverine_lacustrine"
"146",30,"OUMV",-1039.19378668971,"riverine_lacustrine"
"147",30,"OUMA",-954.845485895493,"riverine_lacustrine"
"148",30,"OUMVA",-1012.16260580859,"riverine_lacustrine"
"149",31,"BMS",-723.795337688618,"riverine_lacustrine"
"150",31,"OUM",-1031.92071617052,"riverine_lacustrine"
"151",31,"OUMV",-1039.9864979929,"riverine_lacustrine"
"152",31,"OUMA",-931.662715016801,"riverine_lacustrine"
"153",31,"OUMVA",-1042.23511457706,"riverine_lacustrine"
"154",32,"BMS",-715.388804821456,"riverine_lacustrine"
"155",32,"OUM",-1032.14779046449,"riverine_lacustrine"
"156",32,"OUMV",-1040.24129217686,"riverine_lacustrine"
"157",32,"OUMA",-921.656067761823,"riverine_lacustrine"
"158",32,"OUMVA",-933.032663314599,"riverine_lacustrine"
"159",33,"BMS",-723.140371384652,"riverine_lacustrine"
"160",33,"OUM",-1033.32893915377,"riverine_lacustrine"
"161",33,"OUMV",-1041.07711569421,"riverine_lacustrine"
"162",33,"OUMA",-916.296644063782,"riverine_lacustrine"
"163",33,"OUMVA",-1023.3814761588,"riverine_lacustrine"
"164",34,"BMS",-717.338400285599,"riverine_lacustrine"
"165",34,"OUM",-1031.54743605183,"riverine_lacustrine"
"166",34,"OUMV",-1039.80945564767,"riverine_lacustrine"
"167",34,"OUMVA",-986.678431494894,"riverine_lacustrine"
"168",35,"BMS",-722.543736089122,"riverine_lacustrine"
"169",35,"OUM",-1031.89189712298,"riverine_lacustrine"
"170",35,"OUMV",-1039.95907488822,"riverine_lacustrine"
"171",35,"OUMA",-907.661410687042,"riverine_lacustrine"
"172",35,"OUMVA",-1004.12263385005,"riverine_lacustrine"
"173",36,"BMS",-722.257285932794,"riverine_lacustrine"
"174",36,"OUM",-1032.2885969093,"riverine_lacustrine"
"175",36,"OUMV",-1040.23881173948,"riverine_lacustrine"
"176",36,"OUMA",-921.615164232865,"riverine_lacustrine"
"177",36,"OUMVA",-976.895630508143,"riverine_lacustrine"
"178",37,"BMS",-723.361040114333,"riverine_lacustrine"
"179",37,"OUM",-1031.90545295199,"riverine_lacustrine"
"180",37,"OUMV",-1039.97620775977,"riverine_lacustrine"
"181",37,"OUMA",-955.084098191029,"riverine_lacustrine"
"182",37,"OUMVA",-1022.85529790708,"riverine_lacustrine"
"183",38,"BMS",-723.074883238774,"riverine_lacustrine"
"184",38,"OUM",-1031.47960840304,"riverine_lacustrine"
"185",38,"OUMV",-1039.76826179517,"riverine_lacustrine"
"186",38,"OUMA",-900.01335912318,"riverine_lacustrine"
"187",38,"OUMVA",-1026.99123733461,"riverine_lacustrine"
"188",39,"BMS",-722.120586948809,"riverine_lacustrine"
"189",39,"OUM",-1032.01059112713,"riverine_lacustrine"
"190",39,"OUMV",-1040.04226680329,"riverine_lacustrine"
"191",39,"OUMA",-937.716229514611,"riverine_lacustrine"
"192",39,"OUMVA",-1006.15237000276,"riverine_lacustrine"
"193",40,"BMS",-720.61842954907,"riverine_lacustrine"
"194",40,"OUM",-1032.21176388291,"riverine_lacustrine"
"195",40,"OUMV",-1040.3122119589,"riverine_lacustrine"
"196",40,"OUMA",-904.275103254763,"riverine_lacustrine"
"197",40,"OUMVA",-954.195214807402,"riverine_lacustrine"
"198",41,"BMS",-720.997214048003,"riverine_lacustrine"
"199",41,"OUM",-1031.96704256828,"riverine_lacustrine"
"200",41,"OUMV",-1040.0414416931,"riverine_lacustrine"
"201",41,"OUMVA",-1032.44526879427,"riverine_lacustrine"
"202",42,"BMS",-723.40583386601,"riverine_lacustrine"
"203",42,"OUM",-1031.88562282741,"riverine_lacustrine"
"204",42,"OUMV",-1039.95384290694,"riverine_lacustrine"
"205",42,"OUMA",-926.708406468599,"riverine_lacustrine"
"206",42,"OUMVA",-1024.5507460299,"riverine_lacustrine"
"207",43,"BMS",-719.841732649417,"riverine_lacustrine"
"208",43,"OUM",-1031.88520824407,"riverine_lacustrine"
"209",43,"OUMV",-1039.95362443439,"riverine_lacustrine"
"210",43,"OUMA",-922.410866993961,"riverine_lacustrine"
"211",43,"OUMVA",-989.397980451926,"riverine_lacustrine"
"212",44,"BMS",-719.849166791552,"riverine_lacustrine"
"213",44,"OUM",-1031.88964410162,"riverine_lacustrine"
"214",44,"OUMV",-1039.95748575142,"riverine_lacustrine"
"215",44,"OUMA",-905.362736298185,"riverine_lacustrine"
"216",44,"OUMVA",-964.829310858278,"riverine_lacustrine"
"217",45,"BMS",-727.226772723846,"riverine_lacustrine"
"218",45,"OUM",-1031.92183256764,"riverine_lacustrine"
"219",45,"OUMV",-1039.9802804681,"riverine_lacustrine"
"220",45,"OUMA",-961.12770007081,"riverine_lacustrine"
"221",45,"OUMVA",-1036.1225181738,"riverine_lacustrine"
"222",46,"BMS",-723.58319350809,"riverine_lacustrine"
"223",46,"OUM",-1031.89725546925,"riverine_lacustrine"
"224",46,"OUMV",-1039.967188093,"riverine_lacustrine"
"225",46,"OUMVA",-1038.17726503253,"riverine_lacustrine"
"226",47,"BMS",-723.333277544449,"riverine_lacustrine"
"227",47,"OUM",-1031.90471366936,"riverine_lacustrine"
"228",47,"OUMV",-1039.98254325165,"riverine_lacustrine"
"229",47,"OUMVA",-1006.38960920991,"riverine_lacustrine"
"230",48,"BMS",-723.229820694767,"riverine_lacustrine"
"231",48,"OUM",-1031.99005481358,"riverine_lacustrine"
"232",48,"OUMV",-1040.07514093995,"riverine_lacustrine"
"233",48,"OUMA",-921.290441202417,"riverine_lacustrine"
"234",48,"OUMVA",-1053.92869288246,"riverine_lacustrine"
"235",49,"BMS",-723.305072449241,"riverine_lacustrine"
"236",49,"OUM",-1032.31011493715,"riverine_lacustrine"
"237",49,"OUMV",-1040.32314830294,"riverine_lacustrine"
"238",49,"OUMA",-917.750179087099,"riverine_lacustrine"
"239",49,"OUMVA",-1000.74238468936,"riverine_lacustrine"
"240",50,"BMS",-718.874673153449,"riverine_lacustrine"
"241",50,"OUM",-1031.88788905802,"riverine_lacustrine"
"242",50,"OUMV",-1039.95683121939,"riverine_lacustrine"
"243",50,"OUMVA",-963.14464569034,"riverine_lacustrine"
"244",51,"BMS",-721.670372092443,"riverine_lacustrine"
"245",51,"OUM",-1032.64401959868,"riverine_lacustrine"
"246",51,"OUMV",-1040.48964822176,"riverine_lacustrine"
"247",51,"OUMA",-801.596482861637,"riverine_lacustrine"
"248",51,"OUMVA",-1002.49151307613,"riverine_lacustrine"
"249",52,"BMS",-723.157527345465,"riverine_lacustrine"
"250",52,"OUM",-1031.57486814183,"riverine_lacustrine"
"251",52,"OUMV",-1039.82572843571,"riverine_lacustrine"
"252",52,"OUMA",-902.158744428803,"riverine_lacustrine"
"253",52,"OUMVA",-1021.1395766838,"riverine_lacustrine"
"254",53,"BMS",-723.639891959976,"riverine_lacustrine"
"255",53,"OUM",-1031.68079899084,"riverine_lacustrine"
"256",53,"OUMV",-1039.69833246916,"riverine_lacustrine"
"257",53,"OUMVA",-1049.77926048261,"riverine_lacustrine"
"258",54,"BMS",-720.20318169907,"riverine_lacustrine"
"259",54,"OUM",-1032.1043601686,"riverine_lacustrine"
"260",54,"OUMV",-1039.90718421902,"riverine_lacustrine"
"261",54,"OUMA",-905.736807862728,"riverine_lacustrine"
"262",54,"OUMVA",-1013.49103925069,"riverine_lacustrine"
"263",55,"BMS",-722.932261556325,"riverine_lacustrine"
"264",55,"OUM",-1031.88515303268,"riverine_lacustrine"
"265",55,"OUMV",-1039.95358547849,"riverine_lacustrine"
"266",55,"OUMA",-931.87516834261,"riverine_lacustrine"
"267",55,"OUMVA",-1016.98884257789,"riverine_lacustrine"
"268",56,"BMS",-721.777053729798,"riverine_lacustrine"
"269",56,"OUM",-1031.89314487058,"riverine_lacustrine"
"270",56,"OUMV",-1039.96316259024,"riverine_lacustrine"
"271",56,"OUMVA",-1019.72349697039,"riverine_lacustrine"
"272",57,"BMS",-721.574544754326,"riverine_lacustrine"
"273",57,"OUM",-1031.88577894078,"riverine_lacustrine"
"274",57,"OUMV",-1039.95472512287,"riverine_lacustrine"
"275",57,"OUMVA",-1015.39591916081,"riverine_lacustrine"
"276",58,"BMS",-721.960814715905,"riverine_lacustrine"
"277",58,"OUM",-1031.91127030126,"riverine_lacustrine"
"278",58,"OUMV",-1039.97527526982,"riverine_lacustrine"
"279",58,"OUMA",-891.076293700448,"riverine_lacustrine"
"280",58,"OUMVA",-1020.96041812631,"riverine_lacustrine"
"281",59,"BMS",-721.020722989514,"riverine_lacustrine"
"282",59,"OUM",-1031.88513136013,"riverine_lacustrine"
"283",59,"OUMV",-1039.95357030558,"riverine_lacustrine"
"284",59,"OUMA",-925.040378660359,"riverine_lacustrine"
"285",59,"OUMVA",-1026.75940319491,"riverine_lacustrine"
"286",60,"BMS",-720.844631918202,"riverine_lacustrine"
"287",60,"OUM",-1031.88850558785,"riverine_lacustrine"
"288",60,"OUMV",-1039.95805490167,"riverine_lacustrine"
"289",60,"OUMA",-768.030089706302,"riverine_lacustrine"
"290",60,"OUMVA",-1035.17128125269,"riverine_lacustrine"
"291",61,"BMS",-722.632620227016,"riverine_lacustrine"
"292",61,"OUM",-1031.88516388241,"riverine_lacustrine"
"293",61,"OUMV",-1039.95359313253,"riverine_lacustrine"
"294",61,"OUMA",-798.362126251682,"riverine_lacustrine"
"295",61,"OUMVA",-1002.47047141465,"riverine_lacustrine"
"296",62,"BMS",-723.748366578788,"riverine_lacustrine"
"297",62,"OUM",-1031.8851515775,"riverine_lacustrine"
"298",62,"OUMV",-1039.95358445371,"riverine_lacustrine"
"299",62,"OUMA",-975.822479768409,"riverine_lacustrine"
"300",62,"OUMVA",-1014.63372515696,"riverine_lacustrine"
"301",63,"BMS",-727.178225727444,"riverine_lacustrine"
"302",63,"OUM",-1031.86711790777,"riverine_lacustrine"
"303",63,"OUMV",-1039.9713384848,"riverine_lacustrine"
"304",63,"OUMA",-965.477714329375,"riverine_lacustrine"
"305",63,"OUMVA",-1056.97408620075,"riverine_lacustrine"
"306",64,"BMS",-719.901184538531,"riverine_lacustrine"
"307",64,"OUM",-1031.90015622488,"riverine_lacustrine"
"308",64,"OUMV",-1039.96488219929,"riverine_lacustrine"
"309",64,"OUMVA",-945.68973865095,"riverine_lacustrine"
"310",65,"BMS",-722.382941827307,"riverine_lacustrine"
"311",65,"OUM",-1031.89493869762,"riverine_lacustrine"
"312",65,"OUMV",-1039.96559837735,"riverine_lacustrine"
"313",65,"OUMA",-902.027337709235,"riverine_lacustrine"
"314",65,"OUMVA",-1038.17104163634,"riverine_lacustrine"
"315",66,"BMS",-722.512080705941,"riverine_lacustrine"
"316",66,"OUM",-1032.06999548774,"riverine_lacustrine"
"317",66,"OUMV",-1040.16402877684,"riverine_lacustrine"
"318",66,"OUMA",-924.788223072422,"riverine_lacustrine"
"319",66,"OUMVA",-1050.87103425087,"riverine_lacustrine"
"320",67,"BMS",-721.853478922793,"riverine_lacustrine"
"321",67,"OUM",-1031.88531334274,"riverine_lacustrine"
"322",67,"OUMV",-1039.95377180202,"riverine_lacustrine"
"323",67,"OUMA",-889.422194916556,"riverine_lacustrine"
"324",67,"OUMVA",-1046.81949612428,"riverine_lacustrine"
"325",68,"BMS",-720.214091348555,"riverine_lacustrine"
"326",68,"OUM",-1032.25299917004,"riverine_lacustrine"
"327",68,"OUMV",-1040.33216157016,"riverine_lacustrine"
"328",68,"OUMA",-927.799366611093,"riverine_lacustrine"
"329",68,"OUMVA",-990.147112150176,"riverine_lacustrine"
"330",69,"BMS",-721.550068798797,"riverine_lacustrine"
"331",69,"OUM",-1032.41039277352,"riverine_lacustrine"
"332",69,"OUMV",-1040.40510919898,"riverine_lacustrine"
"333",69,"OUMA",-915.623151643578,"riverine_lacustrine"
"334",69,"OUMVA",-968.742678371435,"riverine_lacustrine"
"335",70,"BMS",-722.823852635492,"riverine_lacustrine"
"336",70,"OUM",-1031.91051060782,"riverine_lacustrine"
"337",70,"OUMV",-1039.98343563178,"riverine_lacustrine"
"338",70,"OUMA",-921.040743232494,"riverine_lacustrine"
"339",70,"OUMVA",-982.779690803831,"riverine_lacustrine"
"340",71,"BMS",-720.628095434163,"riverine_lacustrine"
"341",71,"OUM",-1031.89040316844,"riverine_lacustrine"
"342",71,"OUMV",-1039.95802213704,"riverine_lacustrine"
"343",71,"OUMVA",-861.779564615043,"riverine_lacustrine"
"344",72,"BMS",-721.971732268107,"riverine_lacustrine"
"345",72,"OUM",-1031.88516668468,"riverine_lacustrine"
"346",72,"OUMV",-1039.95359511023,"riverine_lacustrine"
"347",72,"OUMA",-981.101829839606,"riverine_lacustrine"
"348",72,"OUMVA",-1014.42098220368,"riverine_lacustrine"
"349",73,"BMS",-722.740161791238,"riverine_lacustrine"
"350",73,"OUM",-1031.89740025386,"riverine_lacustrine"
"351",73,"OUMV",-1039.96315227082,"riverine_lacustrine"
"352",73,"OUMA",-889.510122969415,"riverine_lacustrine"
"353",73,"OUMVA",-1011.93085923583,"riverine_lacustrine"
"354",74,"BMS",-729.271175589171,"riverine_lacustrine"
"355",74,"OUM",-1032.04733666189,"riverine_lacustrine"
"356",74,"OUMV",-1040.14090234231,"riverine_lacustrine"
"357",74,"OUMVA",-1065.19687689711,"riverine_lacustrine"
"358",75,"BMS",-726.292546725804,"riverine_lacustrine"
"359",75,"OUM",-1031.89855107813,"riverine_lacustrine"
"360",75,"OUMV",-1039.96414602204,"riverine_lacustrine"
"361",75,"OUMA",-971.595704977505,"riverine_lacustrine"
"362",75,"OUMVA",-1027.15093500296,"riverine_lacustrine"
"363",76,"BMS",-720.605295553671,"riverine_lacustrine"
"364",76,"OUM",-1031.9075641382,"riverine_lacustrine"
"365",76,"OUMV",-1039.97010100713,"riverine_lacustrine"
"366",76,"OUMA",-899.653855405481,"riverine_lacustrine"
"367",76,"OUMVA",-976.771914877468,"riverine_lacustrine"
"368",77,"BMS",-722.912232261423,"riverine_lacustrine"
"369",77,"OUM",-1031.91326913045,"riverine_lacustrine"
"370",77,"OUMV",-1039.98262324073,"riverine_lacustrine"
"371",77,"OUMVA",-996.549259054774,"riverine_lacustrine"
"372",78,"BMS",-722.560568613596,"riverine_lacustrine"
"373",78,"OUM",-1031.88515125509,"riverine_lacustrine"
"374",78,"OUMV",-1039.95358427296,"riverine_lacustrine"
"375",78,"OUMVA",-973.423868262628,"riverine_lacustrine"
"376",79,"BMS",-720.699604765079,"riverine_lacustrine"
"377",79,"OUM",-1033.3189030334,"riverine_lacustrine"
"378",79,"OUMV",-1041.00047933497,"riverine_lacustrine"
"379",79,"OUMA",-930.123994618048,"riverine_lacustrine"
"380",79,"OUMVA",-1003.95064943544,"riverine_lacustrine"
"381",80,"BMS",-717.113210179343,"riverine_lacustrine"
"382",80,"OUM",-1031.89090222642,"riverine_lacustrine"
"383",80,"OUMV",-1039.96013653785,"riverine_lacustrine"
"384",80,"OUMVA",-908.911905725161,"riverine_lacustrine"
"385",81,"BMS",-723.613328589476,"riverine_lacustrine"
"386",81,"OUM",-1031.60623098984,"riverine_lacustrine"
"387",81,"OUMV",-1039.843833803,"riverine_lacustrine"
"388",81,"OUMA",-925.47163025968,"riverine_lacustrine"
"389",81,"OUMVA",-1017.44018142321,"riverine_lacustrine"
"390",82,"BMS",-724.422810790537,"riverine_lacustrine"
"391",82,"OUM",-1031.88517844769,"riverine_lacustrine"
"392",82,"OUMV",-1039.95361573394,"riverine_lacustrine"
"393",82,"OUMA",-912.285112471436,"riverine_lacustrine"
"394",82,"OUMVA",-1039.09562417703,"riverine_lacustrine"
"395",83,"BMS",-728.854460991895,"riverine_lacustrine"
"396",83,"OUM",-1032.04825350149,"riverine_lacustrine"
"397",83,"OUMV",-1040.13838831502,"riverine_lacustrine"
"398",83,"OUMA",-924.314241360377,"riverine_lacustrine"
"399",83,"OUMVA",-1091.63236219351,"riverine_lacustrine"
"400",84,"BMS",-722.342111036195,"riverine_lacustrine"
"401",84,"OUM",-1032.23656813602,"riverine_lacustrine"
"402",84,"OUMV",-1040.20133378776,"riverine_lacustrine"
"403",84,"OUMA",-904.43577964282,"riverine_lacustrine"
"404",84,"OUMVA",-1055.07578994866,"riverine_lacustrine"
"405",85,"BMS",-722.721897785898,"riverine_lacustrine"
"406",85,"OUM",-1032.99256996933,"riverine_lacustrine"
"407",85,"OUMV",-1040.74482761758,"riverine_lacustrine"
"408",85,"OUMA",-893.64053117051,"riverine_lacustrine"
"409",85,"OUMVA",-974.647431240437,"riverine_lacustrine"
"410",86,"BMS",-724.648764525281,"riverine_lacustrine"
"411",86,"OUM",-1031.89234790778,"riverine_lacustrine"
"412",86,"OUMV",-1039.96264176867,"riverine_lacustrine"
"413",86,"OUMA",-917.062601846918,"riverine_lacustrine"
"414",86,"OUMVA",-1014.39083561942,"riverine_lacustrine"
"415",87,"BMS",-722.724900015559,"riverine_lacustrine"
"416",87,"OUM",-1032.36432819617,"riverine_lacustrine"
"417",87,"OUMV",-1040.29111667738,"riverine_lacustrine"
"418",87,"OUMA",-950.813044275787,"riverine_lacustrine"
"419",87,"OUMVA",-995.998641347375,"riverine_lacustrine"
"420",88,"BMS",-720.458411051252,"riverine_lacustrine"
"421",88,"OUM",-1032.24672044333,"riverine_lacustrine"
"422",88,"OUMV",-1040.32266874181,"riverine_lacustrine"
"423",88,"OUMA",-907.70508888773,"riverine_lacustrine"
"424",88,"OUMVA",-997.141947740964,"riverine_lacustrine"
"425",89,"BMS",-722.79147895339,"riverine_lacustrine"
"426",89,"OUM",-1031.8865639214,"riverine_lacustrine"
"427",89,"OUMV",-1039.95468772749,"riverine_lacustrine"
"428",89,"OUMVA",-982.582882625348,"riverine_lacustrine"
"429",90,"BMS",-719.523325000888,"riverine_lacustrine"
"430",90,"OUM",-1031.90342590518,"riverine_lacustrine"
"431",90,"OUMV",-1039.9703388291,"riverine_lacustrine"
"432",90,"OUMA",-919.677762208843,"riverine_lacustrine"
"433",90,"OUMVA",-986.428861822714,"riverine_lacustrine"
"434",91,"BMS",-723.964919250042,"riverine_lacustrine"
"435",91,"OUM",-1032.11604488636,"riverine_lacustrine"
"436",91,"OUMV",-1040.20815147264,"riverine_lacustrine"
"437",91,"OUMA",-916.270167676489,"riverine_lacustrine"
"438",91,"OUMVA",-1012.44993080558,"riverine_lacustrine"
"439",92,"BMS",-722.579086140828,"riverine_lacustrine"
"440",92,"OUM",-1031.88526416045,"riverine_lacustrine"
"441",92,"OUMV",-1039.95366387646,"riverine_lacustrine"
"442",92,"OUMA",-905.497680906471,"riverine_lacustrine"
"443",92,"OUMVA",-857.003148126022,"riverine_lacustrine"
"444",93,"BMS",-722.195494841054,"riverine_lacustrine"
"445",93,"OUM",-1031.90527657953,"riverine_lacustrine"
"446",93,"OUMV",-1039.96848098559,"riverine_lacustrine"
"447",93,"OUMA",-923.790410024439,"riverine_lacustrine"
"448",93,"OUMVA",-1025.18838690966,"riverine_lacustrine"
"449",94,"BMS",-723.169910485616,"riverine_lacustrine"
"450",94,"OUM",-1031.88522246671,"riverine_lacustrine"
"451",94,"OUMV",-1039.95363445934,"riverine_lacustrine"
"452",94,"OUMA",-937.346585876773,"riverine_lacustrine"
"453",94,"OUMVA",-1018.2194956411,"riverine_lacustrine"
"454",95,"BMS",-723.986324704181,"riverine_lacustrine"
"455",95,"OUM",-1031.88516328897,"riverine_lacustrine"
"456",95,"OUMV",-1039.9540764093,"riverine_lacustrine"
"457",95,"OUMVA",-1022.52860089181,"riverine_lacustrine"
"458",96,"BMS",-722.738720685381,"riverine_lacustrine"
"459",96,"OUM",-1031.91497116396,"riverine_lacustrine"
"460",96,"OUMV",-1039.98751155786,"riverine_lacustrine"
"461",96,"OUMA",-913.06058027874,"riverine_lacustrine"
"462",96,"OUMVA",-1048.80950671319,"riverine_lacustrine"
"463",97,"BMS",-713.852131752663,"riverine_lacustrine"
"464",97,"OUM",-1031.40001808098,"riverine_lacustrine"
"465",97,"OUMV",-1039.71679404308,"riverine_lacustrine"
"466",97,"OUMVA",-939.337867937148,"riverine_lacustrine"
"467",98,"BMS",-721.139268396997,"riverine_lacustrine"
"468",98,"OUM",-1032.40468092035,"riverine_lacustrine"
"469",98,"OUMV",-1040.42656806786,"riverine_lacustrine"
"470",98,"OUMA",-983.692393022468,"riverine_lacustrine"
"471",98,"OUMVA",-951.43561902289,"riverine_lacustrine"
"472",99,"BMS",-726.777234085306,"riverine_lacustrine"
"473",99,"OUM",-1031.41781884088,"riverine_lacustrine"
"474",99,"OUMV",-1039.7298665055,"riverine_lacustrine"
"475",99,"OUMA",-972.425739146677,"riverine_lacustrine"
"476",99,"OUMVA",-1028.77770848158,"riverine_lacustrine"
"477",100,"BMS",-722.629597281247,"riverine_lacustrine"
"478",100,"OUM",-1031.90417449068,"riverine_lacustrine"
"479",100,"OUMV",-1039.9745418706,"riverine_lacustrine"
"480",100,"OUMA",-904.568387018492,"riverine_lacustrine"
"481",100,"OUMVA",-1022.73815793061,"riverine_lacustrine"
